,,,,,accuracy,accuracy,accuracy,macro_f1,macro_f1,macro_f1,nll,nll,nll,brier,brier,brier,ece,ece,ece,adaptive_ece,adaptive_ece,adaptive_ece,aurc,aurc,aurc
,,,,,mean,std,count,mean,std,count,mean,std,count,mean,std,count,mean,std,count,mean,std,count,mean,std,count
mask_name,geometry,lidar_drop_rate,mmwave_drop_rate,method,,,,,,,,,,,,,,,,,,,,,
lidar_mmwave,azimuth_sector,0.0,0.25,clean_global_ts,0.8401827788090819,0.0009109888852055321,5,0.8863935262692484,0.0009035645813800712,5,0.5193785798317133,0.005133685145896099,5,0.2261791398470741,0.002096293004951857,5,0.03207710627644268,0.0011707802060003324,5,0.032106006136518844,0.0012362656086969907,5,0.030076206489927686,0.0005051549757883853,5
lidar_mmwave,azimuth_sector,0.0,0.25,pooled_global_ts,0.8401827788090819,0.0009109888852055321,5,0.8863935262692484,0.0009035645813800712,5,0.7196098070098588,0.002401575072762834,5,0.2781210535621117,0.000912937846751952,5,0.20817505621085072,0.001190171367834485,5,0.20789248730781212,0.0011025248981676586,5,0.029371770398418245,0.0005427970697505595,5
lidar_mmwave,azimuth_sector,0.0,0.25,quality_aware_ts,0.8401827788090819,0.0009109888852055321,5,0.8863935262692484,0.0009035645813800712,5,0.5466554870905853,0.005094427167370453,5,0.2260234661215273,0.0016942012941572634,5,0.03329731112039752,0.0013802374252142053,5,0.033047832520628394,0.002239528904481277,5,0.02989994587150948,0.00027163700717989007,5
lidar_mmwave,azimuth_sector,0.0,0.25,severity_oracle_ts,0.8401827788090819,0.0009109888852055321,5,0.8863935262692484,0.0009035645813800712,5,0.5130511721800749,0.00462648070842081,5,0.22379051833654526,0.0019901447363941806,5,0.01598717513244195,0.0009097884209734708,5,0.017002997738602553,0.0007708268215333536,5,0.02988489535201791,0.000509145748480488,5
lidar_mmwave,azimuth_sector,0.0,0.25,uncalibrated,0.8401827788090819,0.0009109888852055321,5,0.8863935262692484,0.0009035645813800712,5,0.5624200347925147,0.006421260858574283,5,0.23526480843881062,0.0022000768486798625,5,0.06305157385224618,0.0011826383242073651,5,0.06306006694859556,0.0011764984820993624,5,0.030555752608490166,0.0004882989744644879,5
lidar_mmwave,azimuth_sector,0.0,0.5,clean_global_ts,0.6974439525917464,0.003011268203476831,5,0.7809557009239995,0.0026180394270900425,5,1.1395260791847046,0.012574695873826454,5,0.43422196015258424,0.003955787632745656,5,0.10274871083946586,0.0020793976492900247,5,0.10262244086307397,0.002101439054054586,5,0.11348978650027156,0.0022247116963121736,5
lidar_mmwave,azimuth_sector,0.0,0.5,pooled_global_ts,0.6974439525917464,0.003011268203476831,5,0.7809557009239995,0.0026180394270900425,5,1.1907791706872277,0.007896520078063561,5,0.4577210151899034,0.00307142391084408,5,0.18187944369802575,0.0020214750446670526,5,0.18168602226952252,0.0019736605435766294,5,0.11019588337578794,0.0024126484061402905,5
lidar_mmwave,azimuth_sector,0.0,0.5,quality_aware_ts,0.6974439525917464,0.003011268203476831,5,0.7809557009239995,0.0026180394270900425,5,1.0828346129942472,0.010300288299746508,5,0.421526207491919,0.003811634865193517,5,0.05011313090147799,0.0012884101434685385,5,0.0496091600636224,0.0016004574997881007,5,0.10925479641679918,0.001873053144065208,5
lidar_mmwave,azimuth_sector,0.0,0.5,severity_oracle_ts,0.6974439525917464,0.003011268203476831,5,0.7809557009239995,0.0026180394270900425,5,1.0572857250215226,0.010006730150715546,5,0.4172346040549219,0.0038325167447999246,5,0.014428982358381906,0.005358706222474851,5,0.011448932113791343,0.0025265442736470433,5,0.11145231499033628,0.0023208994831513874,5
lidar_mmwave,azimuth_sector,0.0,0.5,uncalibrated,0.6974439525917464,0.003011268203476831,5,0.7809557009239995,0.0026180394270900425,5,1.2910518022870827,0.014880682421166469,5,0.4551904488773511,0.004006001282978661,5,0.1498202462430637,0.00219756145472819,5,0.14982024624306373,0.0021975614547281807,5,0.11496518063733432,0.002215809456278805,5
lidar_mmwave,azimuth_sector,0.0,0.75,clean_global_ts,0.485591889190347,0.0044158361607379935,5,0.5892182834790157,0.0044021553652001146,5,2.295274210185729,0.017104998988024665,5,0.7635271083223902,0.0056496351313732145,5,0.24059601955877033,0.004350901902469358,5,0.24059601955877033,0.004350901902469324,5,0.36263884171153626,0.003949310421621057,5
lidar_mmwave,azimuth_sector,0.0,0.75,pooled_global_ts,0.485591889190347,0.0044158361607379935,5,0.5892182834790157,0.0044021553652001146,5,1.9063096478657933,0.008853537777335371,5,0.6968024315221327,0.002928764743029694,5,0.07107524132268246,0.0036202863340479906,5,0.07098855494265097,0.0037140850045409802,5,0.3569107049356283,0.004183103723141049,5
lidar_mmwave,azimuth_sector,0.0,0.75,quality_aware_ts,0.485591889190347,0.0044158361607379935,5,0.5892182834790157,0.0044021553652001146,5,1.9304135774751412,0.008991011668858056,5,0.704313721239696,0.0027745074032997884,5,0.08844879082237607,0.00509809393555669,5,0.08801218413061149,0.004729588064345907,5,0.37064099881090795,0.003297724296483198,5
lidar_mmwave,azimuth_sector,0.0,0.75,severity_oracle_ts,0.485591889190347,0.0044158361607379935,5,0.5892182834790157,0.0044021553652001146,5,1.8926795571499562,0.00958782636262861,5,0.6930871055909469,0.0032360917338663223,5,0.05011565475158365,0.002499874140401227,5,0.04964185223524435,0.004126284434506213,5,0.3572738869146449,0.0041496726660330404,5
lidar_mmwave,azimuth_sector,0.0,0.75,uncalibrated,0.485591889190347,0.0044158361607379935,5,0.5892182834790157,0.0044021553652001146,5,2.689331949894866,0.021713519540163925,5,0.8039207370872438,0.00647443159926405,5,0.30275428483490574,0.004316721559554832,5,0.30268004644864327,0.004383514271149372,5,0.36494127828741496,0.003901707722295811,5
lidar_mmwave,azimuth_sector,0.0,0.9,clean_global_ts,0.4261316578609168,0.0027622804214771667,5,0.5273975786058241,0.0022222114385756636,5,2.625473730063413,0.011652563083109786,5,0.8294159263493324,0.004194922965403555,5,0.2590118735918434,0.0028224193723586292,5,0.2590118735918434,0.0028224193723586045,5,0.411235051456441,0.0031673962168998694,5
lidar_mmwave,azimuth_sector,0.0,0.9,pooled_global_ts,0.4261316578609168,0.0027622804214771667,5,0.5273975786058241,0.0022222114385756636,5,2.1453246148390748,0.005198783361039106,5,0.7477118675268912,0.0018794130438827953,5,0.05306640351237933,0.003088250884127072,5,0.05224806028794672,0.0027796064767344674,5,0.40749001086814013,0.00304981336442026,5
lidar_mmwave,azimuth_sector,0.0,0.9,quality_aware_ts,0.4261316578609168,0.0027622804214771667,5,0.5273975786058241,0.0022222114385756636,5,2.239907763980978,0.0036917625902822535,5,0.7811967181349968,0.0009644612713456533,5,0.16185317785703607,0.0029970434689267586,5,0.15836792710180686,0.0026712999778095528,5,0.4332114359949902,0.002827589426896478,5
lidar_mmwave,azimuth_sector,0.0,0.9,severity_oracle_ts,0.4261316578609168,0.0027622804214771667,5,0.5273975786058241,0.0022222114385756636,5,2.1445838425339168,0.005432215246620679,5,0.7474373274943176,0.0019722706168058,5,0.05088067861360657,0.0038829214195391258,5,0.049785975826974506,0.003117594256076259,5,0.40749885014520854,0.0030481975422156815,5
lidar_mmwave,azimuth_sector,0.0,0.9,uncalibrated,0.4261316578609168,0.0027622804214771667,5,0.5273975786058241,0.0022222114385756636,5,3.0717009629336163,0.014760907775093155,5,0.8775629564206129,0.004651348558687439,5,0.32774025307746396,0.0025953831032616715,5,0.32774025307746396,0.0025953831032616303,5,0.4131475411339009,0.0031813815529094305,5
lidar_mmwave,azimuth_sector,0.25,0.0,clean_global_ts,0.8570612594602313,0.0024712363701095016,5,0.8890086029564704,0.0024085538131466636,5,0.47207132271158453,0.0072636553710191155,5,0.20099633210485185,0.0036942177440891424,5,0.03560130776941207,0.002623692504199029,5,0.03742931957719714,0.0028728964227398594,5,0.021586641246593274,0.0007728674375773743,5
lidar_mmwave,azimuth_sector,0.25,0.0,pooled_global_ts,0.8570612594602313,0.0024712363701095016,5,0.8890086029564704,0.0024085538131466636,5,0.6350220251161853,0.003786329628927005,5,0.24109590294905744,0.0022022737821119926,5,0.1859474428693299,0.0023265912435627054,5,0.18573236489684747,0.002139561808867472,5,0.02147590984714924,0.0008644242864144712,5
lidar_mmwave,azimuth_sector,0.25,0.0,quality_aware_ts,0.8570612594602313,0.0024712363701095016,5,0.8890086029564704,0.0024085538131466636,5,0.5022846107120478,0.008594334767676112,5,0.2016267158846578,0.004331478219999667,5,0.039479739785840476,0.0027718961833297453,5,0.03900483357318234,0.0029645259636507906,5,0.02257806066666912,0.0007270378575612044,5
lidar_mmwave,azimuth_sector,0.25,0.0,severity_oracle_ts,0.8570612594602313,0.0024712363701095016,5,0.8890086029564704,0.0024085538131466636,5,0.4691686919563807,0.006870737444218995,5,0.20023442610888695,0.003658100914329623,5,0.03220217348347816,0.002586522124262058,5,0.03462874454498167,0.002737557269543167,5,0.021560134215787452,0.000776714229173049,5
lidar_mmwave,azimuth_sector,0.25,0.0,uncalibrated,0.8570612594602313,0.0024712363701095016,5,0.8890086029564704,0.0024085538131466636,5,0.5189754515573461,0.009247256860742655,5,0.20997577895851624,0.004016091994921475,5,0.06145795156124201,0.0027547899210395516,5,0.061617141785483366,0.0027159187565709304,5,0.021865073214883648,0.0007564953754283689,5
lidar_mmwave,azimuth_sector,0.25,0.25,clean_global_ts,0.7648436384406683,0.0031470230610493944,5,0.8070542214334668,0.002749781365520571,5,0.8113476407751042,0.008760135586499329,5,0.326312657384178,0.0042790983404067855,5,0.06613313858349892,0.0039106983300503375,5,0.0663883937193576,0.003906964180420155,5,0.056430411301965425,0.001587240858480899,5
lidar_mmwave,azimuth_sector,0.25,0.25,pooled_global_ts,0.7648436384406683,0.0031470230610493944,5,0.8070542214334668,0.002749781365520571,5,0.9366091261513484,0.004097598785196496,5,0.36069590417384717,0.002077299899146952,5,0.1879822838294606,0.0035252769046445606,5,0.18758213605539503,0.003149146257989201,5,0.0560152465253318,0.001571666126453043,5
lidar_mmwave,azimuth_sector,0.25,0.25,quality_aware_ts,0.7648436384406683,0.0031470230610493944,5,0.8070542214334668,0.002749781365520571,5,0.787980298196939,0.011214556180538418,5,0.3151567616812607,0.004459635819695278,5,0.03722968687975691,0.0035142636890159017,5,0.03709972426198683,0.0036210506672362335,5,0.05478524197581884,0.0018144808914069806,5
lidar_mmwave,azimuth_sector,0.25,0.25,severity_oracle_ts,0.7648436384406683,0.0031470230610493944,5,0.8070542214334668,0.002749781365520571,5,0.7800309560291299,0.007026648291252291,5,0.31827671345956776,0.003755741774512454,5,0.03457458388369839,0.0036732688655585315,5,0.03522130607858152,0.003634258714330923,5,0.05603134734746611,0.0015875234176913593,5
lidar_mmwave,azimuth_sector,0.25,0.25,uncalibrated,0.7648436384406683,0.0031470230610493944,5,0.8070542214334668,0.002749781365520571,5,0.9018305701038395,0.01116793768256421,5,0.3421962999338979,0.004729868548308633,5,0.1041109874361709,0.0037700182229768804,5,0.10412951944905621,0.003774907607425752,5,0.057113536317490096,0.0015916106268873483,5
lidar_mmwave,azimuth_sector,0.25,0.5,clean_global_ts,0.6014850778237898,0.0054162786020792095,5,0.6549063858824814,0.006324248171782245,5,1.524803922940738,0.014289590008770607,5,0.5541865196366415,0.007711984623845263,5,0.15339416598143626,0.004947028921289882,5,0.1533518214649404,0.004906262212176313,5,0.1656172165338503,0.004852507502615087,5
lidar_mmwave,azimuth_sector,0.25,0.5,pooled_global_ts,0.6014850778237898,0.0054162786020792095,5,0.6549063858824814,0.006324248171782245,5,1.4393954422531967,0.007842145293312307,5,0.539561020774048,0.0038772964341536147,5,0.131363449921293,0.004997660266251133,5,0.13183630021575796,0.005958278564622149,5,0.1615055813886673,0.004589577963444488,5
lidar_mmwave,azimuth_sector,0.25,0.5,quality_aware_ts,0.6014850778237898,0.0054162786020792095,5,0.6549063858824814,0.006324248171782245,5,1.349459604856903,0.012872429057143687,5,0.5115880586165656,0.006111677051211396,5,0.0365952818745635,0.0040017587970612445,5,0.03651971810741113,0.004734745281432059,5,0.15670967383168932,0.0046512187311266535,5
lidar_mmwave,azimuth_sector,0.25,0.5,severity_oracle_ts,0.6014850778237898,0.0054162786020792095,5,0.6549063858824814,0.006324248171782245,5,1.3628781633470566,0.010113648141979311,5,0.5176155852130577,0.005721412800727587,5,0.03768816596378686,0.0028376802242555212,5,0.03734561326472389,0.002721121208969769,5,0.16252950232287308,0.004695134373299317,5
lidar_mmwave,azimuth_sector,0.25,0.5,uncalibrated,0.6014850778237898,0.0054162786020792095,5,0.6549063858824814,0.006324248171782245,5,1.744749125206394,0.017545907292061413,5,0.5861491524963808,0.008470920500895282,5,0.20620909477262703,0.004928827964634169,5,0.20614756753337607,0.004870939677108801,5,0.16757479456992636,0.004939323101457867,5
lidar_mmwave,azimuth_sector,0.25,0.75,clean_global_ts,0.4023418534913608,0.003933503444055656,5,0.44134657594335475,0.004887128055626441,5,2.6408648946452846,0.021388331254981654,5,0.8476074870171854,0.0076873374538284946,5,0.28293030685892157,0.005578356733360433,5,0.28293030685892157,0.005578356733360384,5,0.4018430826813934,0.006540342507417411,5
lidar_mmwave,azimuth_sector,0.25,0.75,pooled_global_ts,0.4023418534913608,0.003933503444055656,5,0.44134657594335475,0.004887128055626441,5,2.1113073317778914,0.010710226820132358,5,0.7426914886139354,0.0035213398599386377,5,0.02945783141784687,0.004874328824325855,5,0.03352253230605241,0.004596597303731493,5,0.3913483383780624,0.006694799979533887,5
lidar_mmwave,azimuth_sector,0.25,0.75,quality_aware_ts,0.4023418534913608,0.003933503444055656,5,0.44134657594335475,0.004887128055626441,5,2.0996164112236775,0.01134918742578232,5,0.7383950533714209,0.003888310630289499,5,0.02139510434744861,0.004897830371431751,5,0.02369424238478048,0.00388994455831474,5,0.3856797515366471,0.006404554743623975,5
lidar_mmwave,azimuth_sector,0.25,0.75,severity_oracle_ts,0.4023418534913608,0.003933503444055656,5,0.44134657594335475,0.004887128055626441,5,2.110071601997313,0.010956186557525449,5,0.7423098641097144,0.003657453670592526,5,0.025113818524580528,0.0031138539453364833,5,0.029902346927739975,0.0028972666832363094,5,0.39155555069723114,0.006699023204354601,5
lidar_mmwave,azimuth_sector,0.25,0.75,uncalibrated,0.4023418534913608,0.003933503444055656,5,0.44134657594335475,0.004887128055626441,5,3.0972813046226406,0.027469922655475872,5,0.9008027225522488,0.008588336289952809,5,0.34837259024055695,0.005603224320723795,5,0.34837259024055695,0.0056032243207237665,5,0.40526657697757473,0.00655726464463357,5
lidar_mmwave,azimuth_sector,0.25,0.9,clean_global_ts,0.3495930315579038,0.004050726063150711,5,0.38464625308020467,0.005901737955722411,5,3.0005098415318407,0.016779557407629056,5,0.9127530196379826,0.004458705687954626,5,0.30263634218026025,0.0057213441724889525,5,0.3026363421802603,0.0057213441724889725,5,0.4665975378971977,0.0038788527687167677,5
lidar_mmwave,azimuth_sector,0.25,0.9,pooled_global_ts,0.3495930315579038,0.004050726063150711,5,0.38464625308020467,0.005901737955722411,5,2.3419005777836857,0.0066724562395062345,5,0.7922879802641717,0.0023379876419384127,5,0.026505922730302296,0.006207671100334296,5,0.028078677059453345,0.0037419566463145286,5,0.45731183500143857,0.005152803062187244,5
lidar_mmwave,azimuth_sector,0.25,0.9,quality_aware_ts,0.3495930315579038,0.004050726063150711,5,0.38464625308020467,0.005901737955722411,5,2.402551992599907,0.006412331776325793,5,0.8145170161819122,0.0016981735616472076,5,0.12495143467113072,0.004477346465297372,5,0.1292915268096036,0.004364224950815188,5,0.45210785730111935,0.005899173072118121,5
lidar_mmwave,azimuth_sector,0.25,0.9,severity_oracle_ts,0.3495930315579038,0.004050726063150711,5,0.38464625308020467,0.005901737955722411,5,2.341336329756503,0.006183282472644144,5,0.7931821398869475,0.0021223338212865393,5,0.036910392165654546,0.0025619869340800447,5,0.038526028195045005,0.002758741131826977,5,0.45692838124443264,0.005321615850151648,5
lidar_mmwave,azimuth_sector,0.25,0.9,uncalibrated,0.3495930315579038,0.004050726063150711,5,0.38464625308020467,0.005901737955722411,5,3.523090163500406,0.022159287457647104,5,0.9716886933903014,0.005118640354197131,5,0.3725656848933645,0.005741796704078432,5,0.3725656848933645,0.005741796704078364,5,0.4700335644763067,0.003650179333714876,5
lidar_mmwave,azimuth_sector,0.5,0.0,clean_global_ts,0.7303441382264744,0.0018219777704111654,5,0.7941012438938376,0.0014766997684171794,5,1.0084895061523984,0.011298904121267944,5,0.38279126036203504,0.004173169211819858,5,0.10130019118722808,0.0035388464552233126,5,0.10245538978097941,0.0038015251802891205,5,0.071422937816279,0.001306170605747101,5
lidar_mmwave,azimuth_sector,0.5,0.0,pooled_global_ts,0.7303441382264744,0.0018219777704111654,5,0.7941012438938376,0.0014766997684171794,5,1.0368761232743506,0.005984316407033809,5,0.3937776973765775,0.0024232209362848225,5,0.16088179882972548,0.00256978772627933,5,0.16083666154503423,0.00261850507766368,5,0.07095040586544865,0.0013943135832325897,5
lidar_mmwave,azimuth_sector,0.5,0.0,quality_aware_ts,0.7303441382264744,0.0018219777704111654,5,0.7941012438938376,0.0014766997684171794,5,0.9936512896166046,0.014241021728057546,5,0.3716563594641631,0.004202075234982447,5,0.0693263555710836,0.0031571748236526856,5,0.06857438543120131,0.0030804880922114717,5,0.07511227571549237,0.0013040623665587442,5
lidar_mmwave,azimuth_sector,0.5,0.0,severity_oracle_ts,0.7303441382264744,0.0018219777704111654,5,0.7941012438938376,0.0014766997684171794,5,0.9413290809900777,0.009207724273396656,5,0.36831581867009694,0.0033247697760996754,5,0.06727403694716852,0.004588354950304346,5,0.06769248749432734,0.004577981174198802,5,0.07099791870491509,0.001294665635620746,5
lidar_mmwave,azimuth_sector,0.5,0.0,uncalibrated,0.7303441382264744,0.0018219777704111654,5,0.7941012438938376,0.0014766997684171794,5,1.151736634848627,0.014481793393115687,5,0.40434620979682545,0.004822747592691648,5,0.14038707372100828,0.003374884380138855,5,0.1402515413902709,0.0031850549298356647,5,0.07207518248618958,0.0013326361686691762,5
lidar_mmwave,azimuth_sector,0.5,0.25,clean_global_ts,0.5862344709410253,0.003820425372560774,5,0.654295588125253,0.002806708696748251,5,1.6853006611095633,0.010717228936200121,5,0.583957441494176,0.004233453526775562,5,0.1801985525140501,0.003944165056438552,5,0.1804219443127202,0.004068239597008046,5,0.1632865021414163,0.00264341472884755,5
lidar_mmwave,azimuth_sector,0.5,0.25,pooled_global_ts,0.5862344709410253,0.003820425372560774,5,0.654295588125253,0.002806708696748251,5,1.4956346898165553,0.006802326123623331,5,0.5493285431365308,0.0024853860538069108,5,0.10589045911750028,0.0027679831588970165,5,0.10607189121582347,0.0031324887153283704,5,0.16231659561071454,0.002493067773969846,5
lidar_mmwave,azimuth_sector,0.5,0.25,quality_aware_ts,0.5862344709410253,0.003820425372560774,5,0.654295588125253,0.002806708696748251,5,1.4940574238547288,0.010003207859479644,5,0.5402286596352901,0.0029628377629290306,5,0.08551997637916398,0.0036595787936874458,5,0.08511382169690125,0.003777550598937878,5,0.16377600812610602,0.0025653782493606303,5
lidar_mmwave,azimuth_sector,0.5,0.25,severity_oracle_ts,0.5862344709410253,0.003820425372560774,5,0.654295588125253,0.002806708696748251,5,1.4610833480646825,0.007024609987852682,5,0.5381275064631098,0.0026356429861233944,5,0.08266133818791783,0.003812120085520256,5,0.08408989816791175,0.0036461353431999285,5,0.16202949986852724,0.0025294222926021525,5
lidar_mmwave,azimuth_sector,0.5,0.25,uncalibrated,0.5862344709410253,0.003820425372560774,5,0.654295588125253,0.002806708696748251,5,1.956259052198051,0.01387790795573413,5,0.6196997588041195,0.005153126197989902,5,0.23139090353655795,0.004011553073143559,5,0.23139477390029853,0.004058724530703262,5,0.16447725807225094,0.0027180818212907344,5
lidar_mmwave,azimuth_sector,0.5,0.5,clean_global_ts,0.3907182636013137,0.0033691976127955344,5,0.45957934702347086,0.0030429190153950935,5,2.796876817960604,0.02634557957847431,5,0.8675867107300705,0.006146806384143307,5,0.3037396668129917,0.0031511521837224183,5,0.3037396668129917,0.0031511521837224313,5,0.37367332614372195,0.0051788750883474625,5
lidar_mmwave,azimuth_sector,0.5,0.5,pooled_global_ts,0.3907182636013137,0.0033691976127955344,5,0.45957934702347086,0.0030429190153950935,5,2.170105715502416,0.014341482121928116,5,0.749677064559013,0.003918854746281996,5,0.06415070183124345,0.0024131779177015817,5,0.06566844309872152,0.0016730663996801863,5,0.37068595616624933,0.00483672449201219,5
lidar_mmwave,azimuth_sector,0.5,0.5,quality_aware_ts,0.3907182636013137,0.0033691976127955344,5,0.45957934702347086,0.0030429190153950935,5,2.181162578315711,0.015288563845031423,5,0.7461550082996806,0.004220639730491096,5,0.09555173714876948,0.0020203441241644455,5,0.0955511410008012,0.0020215284830088372,5,0.356457531167552,0.004246808738047795,5
lidar_mmwave,azimuth_sector,0.5,0.5,severity_oracle_ts,0.3907182636013137,0.0033691976127955344,5,0.45957934702347086,0.0030429190153950935,5,2.172425345501943,0.014570232599939368,5,0.7497192625450018,0.004035539752271313,5,0.06946117048992127,0.002302508192675333,5,0.06902025349525584,0.0020136745868789183,5,0.3707505550765785,0.004832175320212105,5
lidar_mmwave,azimuth_sector,0.5,0.5,uncalibrated,0.3907182636013137,0.0033691976127955344,5,0.45957934702347086,0.0030429190153950935,5,3.30122846187187,0.03219984489869352,5,0.924680170889513,0.006646145893160545,5,0.3689498482257008,0.0033383188358957986,5,0.3689471376056264,0.003336782580980595,5,0.37511931129358295,0.005268005364398416,5
lidar_mmwave,azimuth_sector,0.5,0.75,clean_global_ts,0.1947165500499786,0.004763480943496976,5,0.24809570435912112,0.004994766613143237,5,4.313239079519988,0.03953584544382048,5,1.1552637824422014,0.007153983354639477,5,0.4331450171842177,0.0043440521989836075,5,0.4331450171842177,0.004344052198983582,5,0.6996014930582043,0.009357864807058212,5
lidar_mmwave,azimuth_sector,0.5,0.75,pooled_global_ts,0.1947165500499786,0.004763480943496976,5,0.24809570435912112,0.004994766613143237,5,3.0017888592648156,0.02109173323848205,5,0.9404266741430906,0.003876253384368545,5,0.13709449956172126,0.003525648500495953,5,0.13683998893492122,0.0035044336270951045,5,0.6921557055107108,0.009057479203990654,5
lidar_mmwave,azimuth_sector,0.5,0.75,quality_aware_ts,0.1947165500499786,0.004763480943496976,5,0.24809570435912112,0.004994766613143237,5,2.8976875235477686,0.01740453130623611,5,0.9136342428461294,0.002925106381969664,5,0.08017036363004441,0.0029193697725759496,5,0.07991104600139318,0.0031156375265388027,5,0.6651747158202023,0.007986107931887082,5
lidar_mmwave,azimuth_sector,0.5,0.75,severity_oracle_ts,0.1947165500499786,0.004763480943496976,5,0.24809570435912112,0.004994766613143237,5,2.871860887845892,0.01481787499305893,5,0.9119348394526818,0.002391936888839431,5,0.031057076617549972,0.004806391653457558,5,0.03409027312819703,0.005149671438505374,5,0.6869852048211011,0.008900004220803174,5
lidar_mmwave,azimuth_sector,0.5,0.75,uncalibrated,0.1947165500499786,0.004763480943496976,5,0.24809570435912112,0.004994766613143237,5,5.160789084520507,0.0494531098689718,5,1.232625328605971,0.007871381595365493,5,0.5073425401567,0.0046013128318956945,5,0.5072946686137587,0.004603388237517138,5,0.7007155772385782,0.009453586885350022,5
lidar_mmwave,azimuth_sector,0.5,0.9,clean_global_ts,0.14656575753248607,0.004213811303937869,5,0.18868440357423352,0.005076580857816891,5,4.823334483430756,0.03720701098011267,5,1.2065631563013295,0.00700690034217298,5,0.4522141333724665,0.005124922971509806,5,0.4522141333724665,0.0051249229715098375,5,0.7716839215474105,0.007058303798368187,5
lidar_mmwave,azimuth_sector,0.5,0.9,pooled_global_ts,0.14656575753248607,0.004213811303937869,5,0.18868440357423352,0.005076580857816891,5,3.2837616851051807,0.018437473098285438,5,0.9789480219017245,0.003621042560887704,5,0.16492263313934796,0.004093212456380661,5,0.1646227484863231,0.003952734500667448,5,0.7649703077145877,0.007234137252762395,5
lidar_mmwave,azimuth_sector,0.5,0.9,quality_aware_ts,0.14656575753248607,0.004213811303937869,5,0.18868440357423352,0.005076580857816891,5,3.0470341651430433,0.012346346042270516,5,0.9329051180999504,0.00209698680023803,5,0.0427774089575112,0.0032477295281529784,5,0.042878919658791,0.004280087892923341,5,0.7426679854891842,0.008101131965913364,5
lidar_mmwave,azimuth_sector,0.5,0.9,severity_oracle_ts,0.14656575753248607,0.004213811303937869,5,0.18868440357423352,0.005076580857816891,5,3.0465765220200933,0.010299598060759103,5,0.9354384383975389,0.001556263740091781,5,0.0265803350048259,0.0020608714137767,5,0.03166479555370487,0.0009931717811617817,5,0.7582086098836036,0.0073135150583357655,5
lidar_mmwave,azimuth_sector,0.5,0.9,uncalibrated,0.14656575753248607,0.004213811303937869,5,0.18868440357423352,0.005076580857816891,5,5.781804732848171,0.047077652311920244,5,1.288359846380232,0.007978796517842265,5,0.5285925614750611,0.005523162850409749,5,0.5285925614750611,0.005523162850409814,5,0.7727739011829998,0.0070350639488639686,5
lidar_mmwave,azimuth_sector,0.75,0.0,clean_global_ts,0.6828216478652006,0.005613170361415864,5,0.7510696383957318,0.005587263083320113,5,1.2030323610448712,0.007943882957632323,5,0.4404751182786894,0.005228229367485177,5,0.09134579504933318,0.004139361051236574,5,0.09176191609393652,0.00411759692741118,5,0.10279525590333698,0.002180511767690655,5
lidar_mmwave,azimuth_sector,0.75,0.0,pooled_global_ts,0.6828216478652006,0.005613170361415864,5,0.7510696383957318,0.005587263083320113,5,1.2752193546146424,0.005564921950091662,5,0.47217579544270727,0.0025211533185736483,5,0.19407814914692337,0.00501706758670017,5,0.19382355460603273,0.005169374697912405,5,0.1024642168613273,0.0022012960290005647,5
lidar_mmwave,azimuth_sector,0.75,0.0,quality_aware_ts,0.6828216478652006,0.005613170361415864,5,0.7510696383957318,0.005587263083320113,5,1.1470721402750956,0.007109528271632657,5,0.4316093419474618,0.0037656092014526827,5,0.040384751388175565,0.004627684125723893,5,0.04153571178283438,0.004833269350805851,5,0.10729561991684824,0.0024638616930883874,5
lidar_mmwave,azimuth_sector,0.75,0.0,severity_oracle_ts,0.6828216478652006,0.005613170361415864,5,0.7510696383957318,0.005587263083320113,5,1.1380172106454658,0.006768393193334624,5,0.4271403268371956,0.004396075000202753,5,0.0383522920463673,0.004148862023715742,5,0.038494758203790794,0.004171910351727852,5,0.10217974152179801,0.0021661620990628505,5
lidar_mmwave,azimuth_sector,0.75,0.0,uncalibrated,0.6828216478652006,0.005613170361415864,5,0.7510696383957318,0.005587263083320113,5,1.3490330293110584,0.009410538948802703,5,0.4629221224250245,0.006024568142152637,5,0.14206254061022497,0.004141249317552876,5,0.142115172928627,0.004139969071724252,5,0.10371057530145475,0.00218822882672928,5
lidar_mmwave,azimuth_sector,0.75,0.25,clean_global_ts,0.5184063972583178,0.004857791271641814,5,0.6004751561256206,0.005649934146040725,5,1.98137042640978,0.014272172514845626,5,0.653349825815533,0.004471109026330506,5,0.1718644860471027,0.0053748936732561595,5,0.17184260209689656,0.0053427964407609056,5,0.22543437798639773,0.002084777129296157,5
lidar_mmwave,azimuth_sector,0.75,0.25,pooled_global_ts,0.5184063972583178,0.004857791271641814,5,0.6004751561256206,0.005649934146040725,5,1.8124762758423507,0.005881804985529927,5,0.6343475082564727,0.0017881672611243784,5,0.12594545348651015,0.003958332778242246,5,0.12648621428274331,0.004659752423397633,5,0.2242082120674475,0.0029278646761108406,5
lidar_mmwave,azimuth_sector,0.75,0.25,quality_aware_ts,0.5184063972583178,0.004857791271641814,5,0.6004751561256206,0.005649934146040725,5,1.7422253124696816,0.008050566017127975,5,0.6101835329191829,0.002466006951893728,5,0.03769159857018114,0.004069954917377145,5,0.03830557472143954,0.004418738461901016,5,0.22508158659595506,0.0022913295850735017,5
lidar_mmwave,azimuth_sector,0.75,0.25,severity_oracle_ts,0.5184063972583178,0.004857791271641814,5,0.6004751561256206,0.005649934146040725,5,1.7655398365926698,0.008509256340659506,5,0.6122685678196025,0.0031349517460864374,5,0.05171860695759402,0.006401410084975285,5,0.05275148705729865,0.005122220075238167,5,0.2236822692034565,0.0025239557626970995,5
lidar_mmwave,azimuth_sector,0.75,0.25,uncalibrated,0.5184063972583178,0.004857791271641814,5,0.6004751561256206,0.005649934146040725,5,2.263354331988922,0.019034841443376933,5,0.692803733821485,0.005031908643531246,5,0.23575956857067953,0.005045275708493122,5,0.235709992250618,0.004971190737936807,5,0.22729159306457686,0.0018783191857999492,5
lidar_mmwave,azimuth_sector,0.75,0.5,clean_global_ts,0.2833642724546623,0.004904786068645412,5,0.3689412418487238,0.00632927946406148,5,3.349644753175153,0.031534614926054916,5,0.9706151760594353,0.00756552379500381,5,0.3146777757400061,0.0053852882062543385,5,0.31467777574000616,0.005385288206254348,5,0.5299272080536263,0.007345294441248266,5
lidar_mmwave,azimuth_sector,0.75,0.5,pooled_global_ts,0.2833642724546623,0.004904786068645412,5,0.3689412418487238,0.00632927946406148,5,2.6349326354112934,0.014565307361313609,5,0.8446177889390754,0.003769901743902451,5,0.03913346116036107,0.002922917141159122,5,0.03893997078938566,0.0030301203114828186,5,0.5237439892843934,0.007695412760931905,5
lidar_mmwave,azimuth_sector,0.75,0.5,quality_aware_ts,0.2833642724546623,0.004904786068645412,5,0.3689412418487238,0.00632927946406148,5,2.584347193542773,0.015847101672527078,5,0.8343125318014053,0.004140774623018735,5,0.0226495511951861,0.003720347069349511,5,0.022891313487674685,0.0034040981109471503,5,0.5077916578440328,0.008725373454228988,5
lidar_mmwave,azimuth_sector,0.75,0.5,severity_oracle_ts,0.2833642724546623,0.004904786068645412,5,0.3689412418487238,0.00632927946406148,5,2.631064650526789,0.01418739333470892,5,0.8445483225882452,0.003598447756713958,5,0.034796774027189045,0.002563145852816224,5,0.03691767104523016,0.001973520991573473,5,0.523650996241493,0.007733601618503294,5
lidar_mmwave,azimuth_sector,0.75,0.5,uncalibrated,0.2833642724546623,0.004904786068645412,5,0.3689412418487238,0.00632927946406148,5,3.9104565984198834,0.040542308643198195,5,1.038031824591167,0.008270730290888822,5,0.39292680287401527,0.005281187022319512,5,0.39292680287401527,0.005281187022319503,5,0.5331562637301438,0.007270381846560546,5
lidar_mmwave,azimuth_sector,0.75,0.75,clean_global_ts,0.06631443666999856,0.004521921682409785,5,0.1095966132057078,0.0074666140536371155,5,5.393016987275935,0.030263408615659553,5,1.27943525961363,0.005802816986708894,5,0.4780682463742287,0.005936098110488586,5,0.47806115994911913,0.005936486954158191,5,0.9088343956601561,0.00593729746679551,5
lidar_mmwave,azimuth_sector,0.75,0.75,pooled_global_ts,0.06631443666999856,0.004521921682409785,5,0.1095966132057078,0.0074666140536371155,5,3.7028747146775793,0.015181677740572243,5,1.0259610755286155,0.002797062397522946,5,0.19432500627425958,0.004855100336640986,5,0.19432500627425958,0.004855100336641012,5,0.901843907894375,0.0065951885823922534,5
lidar_mmwave,azimuth_sector,0.75,0.75,quality_aware_ts,0.06631443666999856,0.004521921682409785,5,0.1095966132057078,0.0074666140536371155,5,3.4206257224457666,0.01196225191381151,5,0.9808664205453994,0.0019244869260953553,5,0.10449410409004382,0.004417278822967349,5,0.1043733364883013,0.004435041978468183,5,0.8949768294717023,0.007539723210010697,5
lidar_mmwave,azimuth_sector,0.75,0.75,severity_oracle_ts,0.06631443666999856,0.004521921682409785,5,0.1095966132057078,0.0074666140536371155,5,3.2702739051624663,0.004851430525905029,5,0.9599660412400723,0.0005097204907676204,5,0.011995933565143821,0.00326238444305971,5,0.02331244322296894,0.004438940725133823,5,0.8912527729940661,0.0075386142308564354,5
lidar_mmwave,azimuth_sector,0.75,0.75,uncalibrated,0.06631443666999856,0.004521921682409785,5,0.1095966132057078,0.0074666140536371155,5,6.434963288082969,0.038736895494438886,5,1.3761419038660043,0.00651533922649316,5,0.5629421086298545,0.006015347521755323,5,0.5629421086298545,0.006015347521755377,5,0.9101035077807043,0.005843428075047908,5
lidar_mmwave,azimuth_sector,0.75,0.9,clean_global_ts,0.034642296158789096,0.003088488455974033,5,0.060574896075022464,0.0055629853171578515,5,6.053130788345191,0.028403570070674795,5,1.3074967026700377,0.004936654657815011,5,0.48785405696476775,0.004224013858410112,5,0.4878277560983463,0.004187253854532372,5,0.9492525531032315,0.005126012530566321,5
lidar_mmwave,azimuth_sector,0.75,0.9,pooled_global_ts,0.034642296158789096,0.003088488455974033,5,0.060574896075022464,0.0055629853171578515,5,4.050862698214908,0.013367973792575228,5,1.048933652312186,0.002284196581471488,5,0.21164905492592778,0.0033867196757585913,5,0.21164905492592778,0.003386719675758598,5,0.9427683418116043,0.006631626201961688,5
lidar_mmwave,azimuth_sector,0.75,0.9,quality_aware_ts,0.034642296158789096,0.003088488455974033,5,0.060574896075022464,0.0055629853171578515,5,3.5191417528094844,0.007735877146367634,5,0.980525606802446,0.0008286911838878506,5,0.08185926227030711,0.0030275300980540745,5,0.0818204621801719,0.0029926641196206054,5,0.9373627298563308,0.006852438467858633,5
lidar_mmwave,azimuth_sector,0.75,0.9,severity_oracle_ts,0.034642296158789096,0.003088488455974033,5,0.060574896075022464,0.0055629853171578515,5,3.321512697644759,0.002096580413171488,5,0.9646232759703851,0.00016449318144046748,5,0.017240861309850954,0.00283507014672878,5,0.028235259879645085,0.002238950290274055,5,0.9319305982641118,0.00845727056151165,5
lidar_mmwave,azimuth_sector,0.75,0.9,uncalibrated,0.034642296158789096,0.003088488455974033,5,0.060574896075022464,0.0055629853171578515,5,7.246899118785859,0.03660359501049161,5,1.4073806204619146,0.005136513341861349,5,0.5736804484512655,0.004087389764894806,5,0.5736804484512655,0.004087389764894828,5,0.9504400766306542,0.004763492148724558,5
lidar_mmwave,azimuth_sector,0.9,0.0,clean_global_ts,0.5806939882907326,0.004089801495752175,5,0.6474290389245676,0.004194088555811794,5,1.5833612820829512,0.01514533201981328,5,0.5778261476158553,0.006080456196216505,5,0.14938210985305572,0.0047551637535300575,5,0.14955014854012197,0.004755498397094357,5,0.17812440307154476,0.0037709108169079043,5
lidar_mmwave,azimuth_sector,0.9,0.0,pooled_global_ts,0.5806939882907326,0.004089801495752175,5,0.6474290389245676,0.004194088555811794,5,1.5254491232018483,0.008295364726567361,5,0.5712123639403176,0.0030020815095750625,5,0.14484538513680312,0.0035140560798246,5,0.14489166428306083,0.0034789699555269897,5,0.17431537748413212,0.003354473852749678,5
lidar_mmwave,azimuth_sector,0.9,0.0,quality_aware_ts,0.5806939882907326,0.004089801495752175,5,0.6474290389245676,0.004194088555811794,5,1.4581851731274798,0.009191701329246156,5,0.5536833227954607,0.003611555333917462,5,0.08292991112004786,0.003864148713189483,5,0.08293197291639613,0.0038555326610089677,5,0.18404813168550294,0.004051064395940329,5
lidar_mmwave,azimuth_sector,0.9,0.0,severity_oracle_ts,0.5806939882907326,0.004089801495752175,5,0.6474290389245676,0.004194088555811794,5,1.4466920535412449,0.012072735101201304,5,0.5469564924677179,0.0049272817913869615,5,0.06529489889804016,0.0034263724531851097,5,0.06535762020803584,0.0034333804766786395,5,0.17574842275063296,0.0036330535427603105,5
lidar_mmwave,azimuth_sector,0.9,0.0,uncalibrated,0.5806939882907326,0.004089801495752175,5,0.6474290389245676,0.004194088555811794,5,1.802299117084854,0.01950017557999071,5,0.612071726383183,0.007165123597519578,5,0.20723062133978046,0.004975130946455336,5,0.20724901066618892,0.004975195229862279,5,0.18024450434508602,0.003888747331146028,5
lidar_mmwave,azimuth_sector,0.9,0.25,clean_global_ts,0.4255890332714551,0.0017448005019684231,5,0.49487187871780736,0.003463902563379271,5,2.403745558533429,0.010446480632463293,5,0.7915167351176964,0.004978787609845142,5,0.2472831600456597,0.0034623378940734865,5,0.2472831600456597,0.003462337894073485,5,0.33104360839351443,0.00564907043947821,5
lidar_mmwave,azimuth_sector,0.9,0.25,pooled_global_ts,0.4255890332714551,0.0017448005019684231,5,0.49487187871780736,0.003463902563379271,5,2.03397158539932,0.0063560352246771435,5,0.7156623018457278,0.0024921084316982026,5,0.06794894522422176,0.005876838383633454,5,0.0702509205048534,0.006323853416262067,5,0.3270746742992732,0.005578804267140107,5
lidar_mmwave,azimuth_sector,0.9,0.25,quality_aware_ts,0.4255890332714551,0.0017448005019684231,5,0.49487187871780736,0.003463902563379271,5,2.0041877440926887,0.0062140548397144,5,0.7107396159439862,0.0030073578084640028,5,0.05911355504456357,0.003264905820381988,5,0.06136257741365557,0.0037325741943186057,5,0.33158646569986006,0.005857878986362381,5
lidar_mmwave,azimuth_sector,0.9,0.25,severity_oracle_ts,0.4255890332714551,0.0017448005019684231,5,0.49487187871780736,0.003463902563379271,5,2.027059900136021,0.0077561774037515335,5,0.7114993475528909,0.0033273427701687804,5,0.07619685808246542,0.0027485114396176243,5,0.07647087608524192,0.00317189719645985,5,0.327246537605425,0.005582807448762423,5
lidar_mmwave,azimuth_sector,0.9,0.25,uncalibrated,0.4255890332714551,0.0017448005019684231,5,0.49487187871780736,0.003463902563379271,5,2.7895169431062112,0.013258205699536082,5,0.8445625364210636,0.005550354995825349,5,0.3149820790793746,0.0033620576230807353,5,0.31498207907937464,0.0033620576230808234,5,0.33356078915889553,0.005673855161435375,5
lidar_mmwave,azimuth_sector,0.9,0.5,clean_global_ts,0.23472797372554619,0.004773956958314941,5,0.29640015706983414,0.004727108133840555,5,3.665499736862035,0.02695680081645079,5,1.0581546893643807,0.00706388061985891,5,0.377504033708285,0.004483881680577436,5,0.377504033708285,0.004483881680577441,5,0.6077493567332761,0.008947849300592718,5
lidar_mmwave,azimuth_sector,0.9,0.5,pooled_global_ts,0.23472797372554619,0.004773956958314941,5,0.29640015706983414,0.004727108133840555,5,2.754708672894418,0.013617500349093576,5,0.8853544941504892,0.004061589847025691,5,0.08417324538603901,0.004344277143207732,5,0.08377851648354293,0.004202507151728836,5,0.606258784139165,0.009913017197046086,5
lidar_mmwave,azimuth_sector,0.9,0.5,quality_aware_ts,0.23472797372554619,0.004773956958314941,5,0.29640015706983414,0.004727108133840555,5,2.6777112916695165,0.01297582980546228,5,0.8695879185283012,0.003936463618656266,5,0.03329300557106909,0.004779184384579057,5,0.03526202379035028,0.00498049079294371,5,0.5894181692427699,0.01130924426808607,5
lidar_mmwave,azimuth_sector,0.9,0.5,severity_oracle_ts,0.23472797372554619,0.004773956958314941,5,0.29640015706983414,0.004727108133840555,5,2.7247942676010037,0.011755627181059653,5,0.8807091537657096,0.003283503701030658,5,0.05151935745735039,0.002461313908276251,5,0.051502148686281016,0.0023980713330770138,5,0.6076620756621508,0.010095785862054568,5
lidar_mmwave,azimuth_sector,0.9,0.5,uncalibrated,0.23472797372554619,0.004773956958314941,5,0.29640015706983414,0.004727108133840555,5,4.327224936904161,0.03383113863571234,5,1.135973846531024,0.007620873156047884,5,0.4559522286739087,0.004530750121195585,5,0.4559522286739088,0.004530750121195592,5,0.6099386475685209,0.00880908711003379,5
lidar_mmwave,azimuth_sector,0.9,0.75,clean_global_ts,0.07328287876624304,0.0064388146596386486,5,0.10510875142854895,0.008903194301717963,5,5.356554433594548,0.033176765943087855,5,1.2865151379355158,0.009819762497246427,5,0.4934659098977058,0.00807584313104751,5,0.4934659098977058,0.008075843131047516,5,0.9046589901537144,0.00905435438445655,5
lidar_mmwave,azimuth_sector,0.9,0.75,pooled_global_ts,0.07328287876624304,0.0064388146596386486,5,0.10510875142854895,0.008903194301717963,5,3.6365228351177854,0.014298745354493757,5,1.0244340980667062,0.004332077450883173,5,0.20015204351576346,0.007217648327000809,5,0.2001370496020955,0.007200788223644077,5,0.9039383668766712,0.00991570207757528,5
lidar_mmwave,azimuth_sector,0.9,0.75,quality_aware_ts,0.07328287876624304,0.0064388146596386486,5,0.10510875142854895,0.008903194301717963,5,3.2953085693463415,0.009263474860215202,5,0.9659988134297521,0.0021211199369755352,5,0.07448041220621715,0.006555740831152555,5,0.07429130811963114,0.0066787796684728735,5,0.8893570323523402,0.011251145829658402,5
lidar_mmwave,azimuth_sector,0.9,0.75,severity_oracle_ts,0.07328287876624304,0.0064388146596386486,5,0.10510875142854895,0.008903194301717963,5,3.235664920061197,0.003859974169302371,5,0.9579090615852348,0.000540655379514792,5,0.008544119523906945,0.0036415932156997535,5,0.014721283558582307,0.002525423072078977,5,0.9049956794001688,0.010429301202100724,5
lidar_mmwave,azimuth_sector,0.9,0.75,uncalibrated,0.07328287876624304,0.0064388146596386486,5,0.10510875142854895,0.008903194301717963,5,6.416667097216228,0.04273420650224656,5,1.3843344450114694,0.011114575924512529,5,0.5769571632848066,0.00816288847098239,5,0.5769571632848066,0.008162888470982304,5,0.9052684013604054,0.008811206760206516,5
lidar_mmwave,azimuth_sector,0.9,0.9,clean_global_ts,0.04498072254747965,0.005510147474389471,5,0.06512902826390449,0.007596712601241301,5,5.942236745247639,0.03063733134723991,5,1.327812061433436,0.006729689815962849,5,0.5128616765326486,0.005960755657843572,5,0.5128359543698507,0.005962179769379888,5,0.9498945149525694,0.006952699995070108,5
lidar_mmwave,azimuth_sector,0.9,0.9,pooled_global_ts,0.04498072254747965,0.005510147474389471,5,0.06512902826390449,0.007596712601241301,5,3.9344967304964706,0.013776223581098304,5,1.051188941335339,0.0031650174547238866,5,0.22197831386638148,0.005870108571406102,5,0.22197831386638148,0.005870108571406112,5,0.9477241256840314,0.00821761600148355,5
lidar_mmwave,azimuth_sector,0.9,0.9,quality_aware_ts,0.04498072254747965,0.005510147474389471,5,0.06512902826390449,0.007596712601241301,5,3.3965543362035975,0.00605052102693058,5,0.9722344054352966,0.00089415088548259,5,0.06545496561173583,0.005564100192313777,5,0.06542701219830696,0.0055071505331249606,5,0.9402310549867041,0.008676308767725028,5
lidar_mmwave,azimuth_sector,0.9,0.9,severity_oracle_ts,0.04498072254747965,0.005510147474389471,5,0.06512902826390449,0.007596712601241301,5,3.2957927451441194,0.001698143451653852,5,0.9628644543344921,0.000156283435626314,5,0.008345166413875104,0.006031621743486065,5,0.018331431706920497,0.0019369064476158061,5,0.9449495418329636,0.009385183364648966,5
lidar_mmwave,azimuth_sector,0.9,0.9,uncalibrated,0.04498072254747965,0.005510147474389471,5,0.06512902826390449,0.007596712601241301,5,7.144294435697759,0.038923710207078646,5,1.42944234693639,0.00757158604531253,5,0.5975070896054449,0.005952740845046286,5,0.5975070896054449,0.005952740845046215,5,0.9504182219988293,0.006740781197225341,5
lidar_mmwave,clean,0.0,0.0,clean_global_ts,0.9000428387833785,,1,0.9279449593608134,,1,0.3134653417387726,,1,0.14522921262251923,,1,0.02470627850921049,,1,0.023658990990401443,,1,0.012608477611292487,,1
lidar_mmwave,clean,0.0,0.0,pooled_global_ts,0.9000428387833785,,1,0.9279449593608134,,1,0.48421444417710446,,1,0.18240539487378563,,1,0.17355099484335368,,1,0.17355099484335373,,1,0.01242686241334427,,1
lidar_mmwave,clean,0.0,0.0,quality_aware_ts,0.9000428387833785,,1,0.9279449593608134,,1,0.36402226394465464,,1,0.14851044326188825,,1,0.03632651271686253,,1,0.0333808332959512,,1,0.013219805068296701,,1
lidar_mmwave,clean,0.0,0.0,severity_oracle_ts,0.9000428387833785,,1,0.9279449593608134,,1,0.3134653417387726,,1,0.14522921262251923,,1,0.02470627850921049,,1,0.023658990990401443,,1,0.012608477611292487,,1
lidar_mmwave,clean,0.0,0.0,uncalibrated,0.9000428387833785,,1,0.9279449593608134,,1,0.34045415270777935,,1,0.15098854113514226,,1,0.043260351543032476,,1,0.04303971884003913,,1,0.012769342751759599,,1
lidar_mmwave,uniform,0.0,0.25,clean_global_ts,0.8823647008424962,0.0023210381577356415,5,0.9151297442956027,0.002430351843677359,5,0.3718858945824867,0.0032286960766183025,5,0.16797229185708887,0.001719658500213296,5,0.026106439464303206,0.001799041010163619,5,0.026408729769021293,0.0019207016742798927,5,0.0170889827300995,0.00032894164215522463,5
lidar_mmwave,uniform,0.0,0.25,pooled_global_ts,0.8823647008424962,0.0023210381577356415,5,0.9151297442956027,0.002430351843677359,5,0.5563780382081157,0.0025771470972324943,5,0.21174728270426169,0.0012529546822891496,5,0.18607983164983016,0.0019080864269025329,5,0.1860645768664294,0.0019207600968160863,5,0.016809547902158176,0.00032127355081487766,5
lidar_mmwave,uniform,0.0,0.25,quality_aware_ts,0.8823647008424962,0.0023210381577356415,5,0.9151297442956027,0.002430351843677359,5,0.39260143427072947,0.003427422670916911,5,0.16858008439936592,0.001557458787108662,5,0.02634460501073979,0.0006772538118756822,5,0.024183713978278756,0.0013786001985434664,5,0.01741452151922925,0.00034581617500412776,5
lidar_mmwave,uniform,0.0,0.25,severity_oracle_ts,0.8823647008424962,0.0023210381577356415,5,0.9151297442956027,0.002430351843677359,5,0.37061929537564053,0.003399030141266874,5,0.16755171976988031,0.0019070664656967678,5,0.023573049427454595,0.00379145451976811,5,0.023924556231128054,0.0036647580115243272,5,0.01706660078647749,0.00032902636706199956,5
lidar_mmwave,uniform,0.0,0.25,uncalibrated,0.8823647008424962,0.0023210381577356415,5,0.9151297442956027,0.002430351843677359,5,0.40292478158017786,0.003534165740407566,5,0.17463482241988776,0.0019355182876414979,5,0.049338825764452754,0.0018887050643699153,5,0.049274843394045885,0.0017434393232522104,5,0.017335645919343536,0.0003260279161404345,5
lidar_mmwave,uniform,0.0,0.5,clean_global_ts,0.8146223047265458,0.003393319614832887,5,0.8687250978337129,0.002440547059583778,5,0.6484264330004867,0.007294286571495249,5,0.2657799597385751,0.003480557313901639,5,0.04422987629748346,0.0038847688506672114,5,0.044363221303545974,0.0039773497163389715,5,0.04206294543624648,0.0010413654428891056,5
lidar_mmwave,uniform,0.0,0.5,pooled_global_ts,0.8146223047265458,0.003393319614832887,5,0.8687250978337129,0.002440547059583778,5,0.8222790132783327,0.0038890924448119527,5,0.31635480840725433,0.0018556965059093934,5,0.2092773981203015,0.003593408712625406,5,0.2092398343484981,0.0036035068238512613,5,0.04138387860791303,0.0012012547517489009,5
lidar_mmwave,uniform,0.0,0.5,quality_aware_ts,0.8146223047265458,0.003393319614832887,5,0.8687250978337129,0.002440547059583778,5,0.641969259297729,0.005331017665902018,5,0.2639562513260769,0.002975745206150706,5,0.03304143632965832,0.0016462313029503935,5,0.03302153589456751,0.0017940858875131547,5,0.04115443914732402,0.0011014658505068204,5
lidar_mmwave,uniform,0.0,0.5,severity_oracle_ts,0.8146223047265458,0.003393319614832887,5,0.8687250978337129,0.002440547059583778,5,0.6329189706579756,0.0063032668005673686,5,0.2622766103191535,0.0031875001833720352,5,0.021574081533616944,0.003090930815437044,5,0.021344982876535017,0.003988493788068158,5,0.041813284633562715,0.0010454775296834461,5
lidar_mmwave,uniform,0.0,0.5,uncalibrated,0.8146223047265458,0.003393319614832887,5,0.8687250978337129,0.002440547059583778,5,0.7147366271781355,0.009305397123989647,5,0.27633203482381535,0.003983853936801332,5,0.07910062203860789,0.004068386090486891,5,0.07908761176086429,0.004103840018594496,5,0.04258505614703283,0.0010327732518543816,5
lidar_mmwave,uniform,0.0,0.75,clean_global_ts,0.6022561759246037,0.0028712284215715155,5,0.7054365026603503,0.0022167386401493946,5,1.5126945322194196,0.010654762318277994,5,0.560172138612206,0.002934645103702837,5,0.12898724493802935,0.00291617609431011,5,0.12897615479006622,0.002901563599949496,5,0.19431636809129035,0.0039682359188046926,5
lidar_mmwave,uniform,0.0,0.75,pooled_global_ts,0.6022561759246037,0.0028712284215715155,5,0.7054365026603503,0.0022167386401493946,5,1.519728975230055,0.004109753843359693,5,0.5757365401305652,0.0018448395630638202,5,0.17624674436152432,0.002496275585884486,5,0.17624674436152432,0.0024962755858844872,5,0.19206560386280142,0.0034797041299333537,5
lidar_mmwave,uniform,0.0,0.75,quality_aware_ts,0.6022561759246037,0.0028712284215715155,5,0.7054365026603503,0.0022167386401493946,5,1.4543740680901691,0.00671563282862665,5,0.5574119511986125,0.0022474471808455938,5,0.10185161842897206,0.0026044374162349495,5,0.1009959687100062,0.003092377560469816,5,0.20121758662562422,0.002696756617770778,5
lidar_mmwave,uniform,0.0,0.75,severity_oracle_ts,0.6022561759246037,0.0028712284215715155,5,0.7054365026603503,0.0022167386401493946,5,1.4040217074962928,0.006234154380343137,5,0.5383374534782406,0.002775858516280971,5,0.031095914367687816,0.00383958881816125,5,0.030036330752383638,0.004114962198087796,5,0.1922501555543947,0.0037062441391777757,5
lidar_mmwave,uniform,0.0,0.75,uncalibrated,0.6022561759246037,0.0028712284215715155,5,0.7054365026603503,0.0022167386401493946,5,1.7079262520501377,0.013765855023114112,5,0.5883057278433698,0.0024986370587500467,5,0.1896692960626928,0.003051659927962381,5,0.18962013330245125,0.0030007400109471408,5,0.19602228602736357,0.004100090323181202,5
lidar_mmwave,uniform,0.0,0.9,clean_global_ts,0.47845209196058835,0.002822884773531709,5,0.58647702219286,0.003097876479133319,5,2.1671815541059476,0.015350104099705686,5,0.7249527354084748,0.002936575833783625,5,0.19206464642030371,0.003048667300751075,5,0.19206464642030374,0.003048667300751077,5,0.3191984390598643,0.003398059508908661,5
lidar_mmwave,uniform,0.0,0.9,pooled_global_ts,0.47845209196058835,0.002822884773531709,5,0.58647702219286,0.003097876479133319,5,1.948086234765023,0.006858896414162857,5,0.6934206387790802,0.001899205721313923,5,0.11357138696814273,0.0020463536428364133,5,0.11320912987718117,0.0024887737264324083,5,0.3145129218077992,0.0033649189500762535,5
lidar_mmwave,uniform,0.0,0.9,quality_aware_ts,0.47845209196058835,0.002822884773531709,5,0.58647702219286,0.003097876479133319,5,2.070145026557558,0.004545587136126803,5,0.7369446307646976,0.0008739537346547692,5,0.2034539641681687,0.0032122735422478706,5,0.2031366412561549,0.003358422061438964,5,0.3371250311739698,0.0022796398517705317,5
lidar_mmwave,uniform,0.0,0.9,severity_oracle_ts,0.47845209196058835,0.002822884773531709,5,0.58647702219286,0.003097876479133319,5,1.9088232835725107,0.007581410544962852,5,0.679347240621168,0.00202367010240686,5,0.04484839867461486,0.0029680814666469503,5,0.044891119256124726,0.0033950970851605033,5,0.3147481916730013,0.003362929325865358,5
lidar_mmwave,uniform,0.0,0.9,uncalibrated,0.47845209196058835,0.002822884773531709,5,0.58647702219286,0.003097876479133319,5,2.482550497954082,0.02003464162195143,5,0.7661986041861186,0.003097775788435544,5,0.26171319787594627,0.0032692369836393844,5,0.26170480320926937,0.003268868376229839,5,0.3219125070519045,0.0034000732679921497,5
lidar_mmwave,uniform,0.25,0.0,clean_global_ts,0.8566328716264457,0.0028109409802984106,5,0.8919969305548632,0.0026992646224045375,5,0.4862518460468116,0.004563392779140032,5,0.2061164137701153,0.002628888299122384,5,0.04333694841953653,0.0021350151305146794,5,0.044011314741983436,0.001851289265857547,5,0.02277107865777294,0.00039472206528050596,5
lidar_mmwave,uniform,0.25,0.0,pooled_global_ts,0.8566328716264457,0.0028109409802984106,5,0.8919969305548632,0.0026992646224045375,5,0.628914928477678,0.0016711951980974062,5,0.23838803602184466,0.0009008823571903739,5,0.1758357053657232,0.002667136613248,5,0.17578709030480283,0.002698619136875785,5,0.022239439811444085,0.00048253614126097415,5
lidar_mmwave,uniform,0.25,0.0,quality_aware_ts,0.8566328716264457,0.0028109409802984106,5,0.8919969305548632,0.0026992646224045375,5,0.5776889733790086,0.008625786996508828,5,0.2136480973999985,0.0034438068420165986,5,0.06129489103289868,0.002180596614304223,5,0.06071595914384489,0.0020971158908506685,5,0.024550627480559046,0.0006174702688597942,5
lidar_mmwave,uniform,0.25,0.0,severity_oracle_ts,0.8566328716264457,0.0028109409802984106,5,0.8919969305548632,0.0026992646224045375,5,0.47498109093528235,0.004343834008533299,5,0.20316219140186872,0.002586925361579131,5,0.031160346402401923,0.0026981414647074403,5,0.03365884797900833,0.0031143036521692107,5,0.022648396735251385,0.0004054660934123028,5
lidar_mmwave,uniform,0.25,0.0,uncalibrated,0.8566328716264457,0.0028109409802984106,5,0.8919969305548632,0.0026992646224045375,5,0.5417200411382485,0.005901681400231469,5,0.21598604329824717,0.002973709416056804,5,0.06833946142135447,0.002071704789860332,5,0.06826970944271496,0.0018837659102085029,5,0.023110029026334994,0.0003892219769505749,5
lidar_mmwave,uniform,0.25,0.25,clean_global_ts,0.8311295159217478,0.0026147649234941213,5,0.8718409843182124,0.0013821926177452022,5,0.5770371671650318,0.010764885688790434,5,0.23879321034588402,0.003989038109722487,5,0.04806125223478375,0.0018745629847323369,5,0.04861448493062422,0.0018207580643391057,5,0.03081793777623168,0.0006731472315153477,5
lidar_mmwave,uniform,0.25,0.25,pooled_global_ts,0.8311295159217478,0.0026147649234941213,5,0.8718409843182124,0.0013821926177452022,5,0.7207561661037925,0.004146505155497456,5,0.2744514780977886,0.0014914265772594695,5,0.18312735657660661,0.003265941656832656,5,0.18258156132408307,0.002914936018373661,5,0.03033079274312393,0.0005016818899611303,5
lidar_mmwave,uniform,0.25,0.25,quality_aware_ts,0.8311295159217478,0.0026147649234941213,5,0.8718409843182124,0.0013821926177452022,5,0.5988186113605863,0.010496205894916852,5,0.2386902566568446,0.003102261492685295,5,0.04125801147309612,0.001527661096823413,5,0.040288039888747795,0.001503381475818604,5,0.03202527443932818,0.0005879772757697889,5
lidar_mmwave,uniform,0.25,0.25,severity_oracle_ts,0.8311295159217478,0.0026147649234941213,5,0.8718409843182124,0.0013821926177452022,5,0.5609903508085934,0.00905050236601571,5,0.23470139238028462,0.003583842788305658,5,0.0296419670449427,0.0014631611883327625,5,0.0321316653811277,0.0016365553476965378,5,0.03063889357363006,0.0006455840925459305,5
lidar_mmwave,uniform,0.25,0.25,uncalibrated,0.8311295159217478,0.0026147649234941213,5,0.8718409843182124,0.0013821926177452022,5,0.64130390459286,0.01345646222408856,5,0.250037417851227,0.004238237523842749,5,0.0774083288465117,0.0018945019290543313,5,0.07728560205786823,0.001898180729323943,5,0.03123027265662155,0.0006979296063212331,5
lidar_mmwave,uniform,0.25,0.5,clean_global_ts,0.7482793088676282,0.0035804499218884517,5,0.8059384837604924,0.0027288581881718264,5,0.9172947043975654,0.007942660098034869,5,0.3530891454376223,0.0032557110488578354,5,0.07392637687212178,0.004723597534612338,5,0.07403333183800241,0.004716391869892588,5,0.06794957816402777,0.0018266303784179642,5
lidar_mmwave,uniform,0.25,0.5,pooled_global_ts,0.7482793088676282,0.0035804499218884517,5,0.8059384837604924,0.0027288581881718264,5,1.0237238472912051,0.005029658194560435,5,0.38802998918050513,0.002857392875540042,5,0.1935223745099663,0.003775164785471767,5,0.19304678443736484,0.004060438095887795,5,0.06663383757303168,0.0016983044451253863,5
lidar_mmwave,uniform,0.25,0.5,quality_aware_ts,0.7482793088676282,0.0035804499218884517,5,0.8059384837604924,0.0027288581881718264,5,0.8688478907124534,0.007846990879382775,5,0.34159527960674596,0.003692816098184731,5,0.023678220985644222,0.005575535531986327,5,0.02234001543051046,0.004992805543401057,5,0.06692753761983126,0.001781072439592508,5
lidar_mmwave,uniform,0.25,0.5,severity_oracle_ts,0.7482793088676282,0.0035804499218884517,5,0.8059384837604924,0.0027288581881718264,5,0.8730789244373577,0.006536602916607174,5,0.34321239469657017,0.0031325258741009315,5,0.03126569792407709,0.00450796082657931,5,0.03236668418120541,0.004487853475801484,5,0.06731052459527839,0.0018001271389871266,5
lidar_mmwave,uniform,0.25,0.5,uncalibrated,0.7482793088676282,0.0035804499218884517,5,0.8059384837604924,0.0027288581881718264,5,1.0278140269766616,0.010197542594663952,5,0.3704884708762594,0.0034556644750901775,5,0.11521625102584317,0.004817512749043755,5,0.11518986228453405,0.004804293302546066,5,0.06880500924300373,0.0018362739648526956,5
lidar_mmwave,uniform,0.25,0.75,clean_global_ts,0.4972154790803941,0.005722537458093384,5,0.5831413722281703,0.004370097719030014,5,1.9967032175630806,0.016769662910621274,5,0.69055999514646,0.005909583293060391,5,0.17847733095368987,0.00574520128068311,5,0.17847733095368987,0.005745201280683113,5,0.29210715991652925,0.0046094506134490695,5
lidar_mmwave,uniform,0.25,0.75,pooled_global_ts,0.4972154790803941,0.005722537458093384,5,0.5831413722281703,0.004370097719030014,5,1.8252700354365838,0.007325789422449044,5,0.6692361435098596,0.002327982181129261,5,0.12246057541239544,0.005068772891624357,5,0.12333269341724204,0.005087641318649722,5,0.2914402927941443,0.0040410504229820175,5
lidar_mmwave,uniform,0.25,0.75,quality_aware_ts,0.4972154790803941,0.005722537458093384,5,0.5831413722281703,0.004370097719030014,5,1.7673749548082902,0.010307136167669071,5,0.6507343297789332,0.003751561614896944,5,0.06177077592598388,0.004722732640376098,5,0.0600635501810466,0.006066572768212825,5,0.28254380181588995,0.005258560466898977,5
lidar_mmwave,uniform,0.25,0.75,severity_oracle_ts,0.4972154790803941,0.005722537458093384,5,0.5831413722281703,0.004370097719030014,5,1.7707606097873174,0.009758048119872525,5,0.648839985178903,0.0033973538467423864,5,0.024691792126719677,0.003385725645391474,5,0.025934356849789127,0.0021406741397736527,5,0.2905879529986427,0.004132228527664847,5
lidar_mmwave,uniform,0.25,0.75,uncalibrated,0.4972154790803941,0.005722537458093384,5,0.5831413722281703,0.004370097719030014,5,2.2803098870774137,0.021493178683964803,5,0.7293489126516475,0.007175070666771423,5,0.24516221638930102,0.005911575745390349,5,0.24516221638930102,0.005911575745390411,5,0.29388802479419635,0.0047916068528227555,5
lidar_mmwave,uniform,0.25,0.9,clean_global_ts,0.3552477509638726,0.004718104207542495,5,0.4321231433122653,0.006257361398731974,5,2.861823057291439,0.014157646076625759,5,0.886659975459706,0.004676964416717502,5,0.26647379055315995,0.004288544455929132,5,0.26647379055315995,0.004288544455929152,5,0.49110337258496967,0.006412914736648857,5
lidar_mmwave,uniform,0.25,0.9,pooled_global_ts,0.3552477509638726,0.004718104207542495,5,0.4321231433122653,0.006257361398731974,5,2.3262652543392264,0.006158561569614001,5,0.7984395099698425,0.0025516738162022472,5,0.04312403737875995,0.004051845600265103,5,0.04285859979883927,0.0036461814866861324,5,0.4940174547846503,0.00777278007215593,5
lidar_mmwave,uniform,0.25,0.9,quality_aware_ts,0.3552477509638726,0.004718104207542495,5,0.4321231433122653,0.006257361398731974,5,2.3676100648976477,0.0038623175129235726,5,0.8130913599451046,0.0014424188173439523,5,0.11806077599967865,0.004520746938384077,5,0.11785307507979861,0.004242221938063356,5,0.4814574099154337,0.00606218657598978,5
lidar_mmwave,uniform,0.25,0.9,severity_oracle_ts,0.3552477509638726,0.004718104207542495,5,0.4321231433122653,0.006257361398731974,5,2.3263674410952904,0.006111298891588599,5,0.7985111013230499,0.0025129536146335112,5,0.043918867186491545,0.004429329244067915,5,0.043325914770226515,0.003865432802326814,5,0.49402332918020136,0.007760464598925964,5
lidar_mmwave,uniform,0.25,0.9,uncalibrated,0.3552477509638726,0.004718104207542495,5,0.4321231433122653,0.006257361398731974,5,3.327581270910854,0.01808329489788085,5,0.9404330750707063,0.004936529392775118,5,0.33963072531298255,0.0042465179770295935,5,0.3396307253129826,0.004246517977029573,5,0.4920116951499255,0.006177036688473095,5
lidar_mmwave,uniform,0.5,0.0,clean_global_ts,0.799143224332429,0.0034220415768399255,5,0.8497196889586286,0.0030634217544900774,5,0.7276682821746839,0.004911485088614461,5,0.28367580327215824,0.002842755727347349,5,0.06348656286478103,0.003824578557766001,5,0.06507966858223965,0.00383081942818368,5,0.039859453984455236,0.0005820897736210092,5
lidar_mmwave,uniform,0.5,0.0,pooled_global_ts,0.799143224332429,0.0034220415768399255,5,0.8497196889586286,0.0030634217544900774,5,0.8408107779504321,0.002084937314221336,5,0.31523938891389813,0.0008773639275411036,5,0.1832761004013332,0.0037816307612500814,5,0.18323931620759204,0.0037445193336271125,5,0.03902409855066415,0.0006484033148156875,5
lidar_mmwave,uniform,0.5,0.0,quality_aware_ts,0.799143224332429,0.0034220415768399255,5,0.8497196889586286,0.0030634217544900774,5,0.7867675873984934,0.0065904214958069285,5,0.28738277833428755,0.0026973187780268706,5,0.07249670012988255,0.0037860214286830067,5,0.0724179572198641,0.0037822093970790744,5,0.04179935206587562,0.0006301265820130548,5
lidar_mmwave,uniform,0.5,0.0,severity_oracle_ts,0.799143224332429,0.0034220415768399255,5,0.8497196889586286,0.0030634217544900774,5,0.6993259368857424,0.003885002524150734,5,0.277188247950556,0.0023991951357091638,5,0.044652046888886146,0.003786268294079899,5,0.04495454742337378,0.003597318243932954,5,0.039583875987395385,0.0005886794856973017,5
lidar_mmwave,uniform,0.5,0.0,uncalibrated,0.799143224332429,0.0034220415768399255,5,0.8497196889586286,0.0030634217544900774,5,0.818448104245942,0.006331715983130983,5,0.2983536393493179,0.0035377470453657285,5,0.09677632885842512,0.0037291737532880818,5,0.0969032373615484,0.003695034265330571,5,0.04039205955078528,0.0005862483273989688,5
lidar_mmwave,uniform,0.5,0.25,clean_global_ts,0.7585606168784806,0.0024199594647225544,5,0.8169112022086669,0.0011964364107047687,5,0.8844656888450313,0.008101791458625576,5,0.3353925296290785,0.0015506597385096291,5,0.07735184174729148,0.0015912717945168848,5,0.0784705558778631,0.001835667898977146,5,0.05550251012807326,0.00042529318626213124,5
lidar_mmwave,uniform,0.5,0.25,pooled_global_ts,0.7585606168784806,0.0024199594647225544,5,0.8169112022086669,0.0011964364107047687,5,0.9705145505720523,0.00235804984672621,5,0.3625714531035091,0.0003634889633229009,5,0.17831868484542548,0.0026363948094626825,5,0.17818257536302207,0.0028061099383473107,5,0.05444144938905839,0.0004999197373381274,5
lidar_mmwave,uniform,0.5,0.25,quality_aware_ts,0.7585606168784806,0.0024199594647225544,5,0.8169112022086669,0.0011964364107047687,5,0.8574277001976744,0.005539115643685423,5,0.3258187792827073,0.0015340201833222386,5,0.048084833487623185,0.0020150115199651223,5,0.04800666941953254,0.0019932694202915565,5,0.0563993045725943,0.0007845635773326627,5
lidar_mmwave,uniform,0.5,0.25,severity_oracle_ts,0.7585606168784806,0.0024199594647225544,5,0.8169112022086669,0.0011964364107047687,5,0.8415260694603027,0.00555319521897796,5,0.32601332333788535,0.0014686541266186082,5,0.049329770221809885,0.0026309574945428834,5,0.04956917700563726,0.0025234711232227916,5,0.05508922665353756,0.000451867709564521,5
lidar_mmwave,uniform,0.5,0.25,uncalibrated,0.7585606168784806,0.0024199594647225544,5,0.8169112022086669,0.0011964364107047687,5,0.996789315718847,0.010933134581716976,5,0.352966301055159,0.0018470961172541483,5,0.11497311734165674,0.001300930017612017,5,0.1150396254153053,0.0013343670496770168,5,0.05615730353023677,0.0004093831803507485,5
lidar_mmwave,uniform,0.5,0.5,clean_global_ts,0.6456375838926174,0.004506111508751009,5,0.7201731356442365,0.004249664182040395,5,1.3806837792664803,0.011387220125731158,5,0.4875288613125358,0.0037487744442207247,5,0.11304518407488914,0.004533513436156294,5,0.1133899484694163,0.004733477572408926,5,0.12132279277789941,0.0014339392551452827,5
lidar_mmwave,uniform,0.5,0.5,pooled_global_ts,0.6456375838926174,0.004506111508751009,5,0.7201731356442365,0.004249664182040395,5,1.3685426158157865,0.005874016852971349,5,0.5025352139377188,0.001799947975993841,5,0.16953748874427593,0.004091157578498517,5,0.1698396431802275,0.004653112037859356,5,0.11917750520851929,0.0014668712372256562,5
lidar_mmwave,uniform,0.5,0.5,quality_aware_ts,0.6456375838926174,0.004506111508751009,5,0.7201731356442365,0.004249664182040395,5,1.2401005932365874,0.007337029121071194,5,0.45816421036015037,0.0021085438488288627,5,0.016458473339997958,0.00190645715562864,5,0.01519111293352427,0.0026690275487213215,5,0.11800916502986045,0.001194305851576511,5
lidar_mmwave,uniform,0.5,0.5,severity_oracle_ts,0.6456375838926174,0.004506111508751009,5,0.7201731356442365,0.004249664182040395,5,1.2746896590313697,0.008315547010685747,5,0.46728342181595117,0.0028725269497315714,5,0.0493171881635323,0.0052962150271752455,5,0.04967433417032946,0.004522300917539193,5,0.12018758355909546,0.0014239775359557142,5
lidar_mmwave,uniform,0.5,0.5,uncalibrated,0.6456375838926174,0.004506111508751009,5,0.7201731356442365,0.004249664182040395,5,1.5652812565029561,0.01425697884023515,5,0.5139403132515324,0.004436364373591931,5,0.16501631714506063,0.004441399948501877,5,0.16503632767631876,0.004455239255085536,5,0.12243278320593938,0.0014685547268575763,5
lidar_mmwave,uniform,0.5,0.75,clean_global_ts,0.31443666999857206,0.004076567877658221,5,0.40555263588760937,0.004925008861348085,5,2.937715979514908,0.011796977121226534,5,0.9241942904010771,0.0013156402135148745,5,0.27379401446213975,0.003068059843483808,5,0.27379401446213975,0.0030680598434838398,5,0.5290802509495978,0.003636865045598076,5
lidar_mmwave,uniform,0.5,0.75,pooled_global_ts,0.31443666999857206,0.004076567877658221,5,0.40555263588760937,0.004925008861348085,5,2.3986294274426445,0.006602828848716769,5,0.8278758737553167,0.0013253452121539248,5,0.023454709801682426,0.0033214618816198057,5,0.025768225315513073,0.0019651433047752956,5,0.5322209488733922,0.0038111192605695147,5
lidar_mmwave,uniform,0.5,0.75,quality_aware_ts,0.31443666999857206,0.004076567877658221,5,0.40555263588760937,0.004925008861348085,5,2.3635719393165697,0.005938357823843768,5,0.8170484484862375,0.0012043127388499386,5,0.016993158678870413,0.004540532704200719,5,0.01988380794575715,0.006055537061906116,5,0.5033066661671832,0.0033787051051652264,5
lidar_mmwave,uniform,0.5,0.75,severity_oracle_ts,0.31443666999857206,0.004076567877658221,5,0.40555263588760937,0.004925008861348085,5,2.3993663433557857,0.006691471651761385,5,0.8276853910363627,0.001332634454964181,5,0.019824933305024772,0.0027597312013913156,5,0.021516179575802413,0.0021502086531268857,5,0.531970824817918,0.00381432717648707,5
lidar_mmwave,uniform,0.5,0.75,uncalibrated,0.31443666999857206,0.004076567877658221,5,0.40555263588760937,0.004925008861348085,5,3.4015584586668077,0.01471528342379248,5,0.9818079910150269,0.0015607739049328638,5,0.34988690899376335,0.003251264160728206,5,0.3498869089937633,0.0032512641607282005,5,0.5290906569744168,0.003566614865462829,5
lidar_mmwave,uniform,0.5,0.9,clean_global_ts,0.16929887191203769,0.006568303018075916,5,0.2380100512655703,0.009218306225934529,5,4.066035852978794,0.028922338410091727,5,1.1214082590750127,0.008351438888493217,5,0.37317680395990466,0.007588550799472819,5,0.3731768039599047,0.007588550799472867,5,0.7891079836814425,0.00933876923356893,5
lidar_mmwave,uniform,0.5,0.9,pooled_global_ts,0.16929887191203769,0.006568303018075916,5,0.2380100512655703,0.009218306225934529,5,2.9951699793388435,0.013468822316078584,5,0.9486113379149186,0.00351697395386395,5,0.10417009322123327,0.0065782396366755305,5,0.10415243816126155,0.006591867519230156,5,0.7961756888624132,0.009484706203303649,5
lidar_mmwave,uniform,0.5,0.9,quality_aware_ts,0.16929887191203769,0.006568303018075916,5,0.2380100512655703,0.009218306225934529,5,2.8901744004221728,0.009031550155217904,5,0.9231926578009875,0.0017797704648931571,5,0.016318704379876255,0.0035982093156629313,5,0.021850913359005013,0.00195953092892368,5,0.7708234890784735,0.00804907316465937,5
lidar_mmwave,uniform,0.5,0.9,severity_oracle_ts,0.16929887191203769,0.006568303018075916,5,0.2380100512655703,0.009218306225934529,5,2.9062046299260205,0.009097319814710583,5,0.9260139592609786,0.0018444691009514005,5,0.021833945649314603,0.006062858761871346,5,0.026869880247279754,0.004271568657548149,5,0.7988133829616169,0.009583402851550335,5
lidar_mmwave,uniform,0.5,0.9,uncalibrated,0.16929887191203769,0.006568303018075916,5,0.2380100512655703,0.009218306225934529,5,4.78797696053766,0.03716090300744698,5,1.1947010624220986,0.009757861829114395,5,0.451817259077696,0.007885626174596842,5,0.451817259077696,0.007885626174596845,5,0.7873835205236418,0.009330335730124102,5
lidar_mmwave,uniform,0.75,0.0,clean_global_ts,0.7561330858203628,0.0014611312000327031,5,0.8242297444413168,0.002118753585284001,5,0.9268189678272772,0.003559336786189286,5,0.3388777012733457,0.0007484585711636118,5,0.061043306330642554,0.0014955129700808794,5,0.06304495761679493,0.0015420677290771297,5,0.05583447616787054,0.0002954598903336318,5
lidar_mmwave,uniform,0.75,0.0,pooled_global_ts,0.7561330858203628,0.0014611312000327031,5,0.8242297444413168,0.002118753585284001,5,1.0362005773469303,0.001926577696964392,5,0.3831614219296763,0.0005996719053635877,5,0.20253267442253226,0.001413393491526398,5,0.2024331929683175,0.0015639387880216008,5,0.055705763552640855,0.0003593460480371123,5
lidar_mmwave,uniform,0.75,0.0,quality_aware_ts,0.7561330858203628,0.0014611312000327031,5,0.8242297444413168,0.002118753585284001,5,0.8799173282899968,0.004134630669354161,5,0.3263846495629028,0.0009220176358908299,5,0.03227669119699371,0.001977553419382269,5,0.03224189571745606,0.001963602006906083,5,0.05477473753486191,0.00021430485055226866,5
lidar_mmwave,uniform,0.75,0.0,severity_oracle_ts,0.7561330858203628,0.0014611312000327031,5,0.8242297444413168,0.002118753585284001,5,0.8913107164566696,0.0030696180615436743,5,0.33264610489975804,0.0007735462435623876,5,0.03925751943695034,0.0025985825096362177,5,0.039734514302006654,0.0021552147749128326,5,0.055651845465131466,0.00030794598189304984,5
lidar_mmwave,uniform,0.75,0.0,uncalibrated,0.7561330858203628,0.0014611312000327031,5,0.8242297444413168,0.002118753585284001,5,1.0351765524942536,0.004598908354962996,5,0.3543190685141955,0.000627790125155672,5,0.10260119523001687,0.0017015666086771678,5,0.10273819657073169,0.001705149765777323,5,0.056238322402338725,0.00027779430099302693,5
lidar_mmwave,uniform,0.75,0.25,clean_global_ts,0.6972725974582321,0.002699938655031959,5,0.7757643966177108,0.0033762862573555106,5,1.1767799187435233,0.008989055102661403,5,0.41253710293637375,0.002728252272695573,5,0.08884479148294937,0.0020558248922643843,5,0.09083344118737233,0.0020738966532927597,5,0.0804268091880879,0.0010121900188446583,5
lidar_mmwave,uniform,0.75,0.25,pooled_global_ts,0.6972725974582321,0.002699938655031959,5,0.7757643966177108,0.0033762862573555106,5,1.211561442158389,0.0037195142911057876,5,0.44101004337350613,0.0011888353127391261,5,0.17960945024182126,0.0026446313455415747,5,0.1796903867827019,0.0022397452213581883,5,0.08077608388936945,0.0010220757656960022,5
lidar_mmwave,uniform,0.75,0.25,quality_aware_ts,0.6972725974582321,0.002699938655031959,5,0.7757643966177108,0.0033762862573555106,5,1.0540662721805476,0.005732460105323932,5,0.3873873741345596,0.0023492962198954762,5,0.026689195183062054,0.0031334701650787724,5,0.026177290131082293,0.004106528609938122,5,0.07766915022798004,0.0011671627014560768,5
lidar_mmwave,uniform,0.75,0.25,severity_oracle_ts,0.6972725974582321,0.002699938655031959,5,0.7757643966177108,0.0033762862573555106,5,1.103577656447006,0.006019391138719114,5,0.3997568060237701,0.0022022237953602387,5,0.055766074356849514,0.003322656413604864,5,0.05510305823121594,0.0034883184324552763,5,0.08027193141195733,0.001005407251327868,5
lidar_mmwave,uniform,0.75,0.25,uncalibrated,0.6972725974582321,0.002699938655031959,5,0.7757643966177108,0.0033762862573555106,5,1.3279202800228769,0.011741336066761086,5,0.4338139279619949,0.003323705562589802,5,0.13523318609410281,0.0021795458838330694,5,0.13532926233577,0.0020409246282683687,5,0.08075998126173094,0.0010211437086604786,5
lidar_mmwave,uniform,0.75,0.5,clean_global_ts,0.5397972297586748,0.004191735977000423,5,0.6347020592771925,0.0024380217423926355,5,1.9342332316085034,0.014526533906459542,5,0.6207079073958913,0.004827095945247586,5,0.16043392126369832,0.003356986710155965,5,0.16129930925640812,0.0035211555672074223,5,0.18493818474546106,0.003505072386558982,5
lidar_mmwave,uniform,0.75,0.5,pooled_global_ts,0.5397972297586748,0.004191735977000423,5,0.6347020592771925,0.0024380217423926355,5,1.733209776953092,0.007128291948153074,5,0.6074517024201345,0.0019013986728006786,5,0.12814411585960356,0.0043525998201217305,5,0.12950254284149657,0.00544453185862241,5,0.18506944067149061,0.0028839451589821596,5
lidar_mmwave,uniform,0.75,0.5,quality_aware_ts,0.5397972297586748,0.004191735977000423,5,0.6347020592771925,0.0024380217423926355,5,1.6047897169464609,0.007244524117696529,5,0.5603904078617614,0.00275852760166431,5,0.06174769295337658,0.004344995444937533,5,0.06188545772998695,0.0040940020470785045,5,0.17309033020696826,0.0028724495349721378,5
lidar_mmwave,uniform,0.75,0.5,severity_oracle_ts,0.5397972297586748,0.004191735977000423,5,0.6347020592771925,0.0024380217423926355,5,1.697145515182213,0.009126603221388462,5,0.5835531524617474,0.0029729955922661614,5,0.0861030025387508,0.005317417276633175,5,0.08536794611238804,0.005053791589790301,5,0.18454752447838904,0.003160033623386286,5
lidar_mmwave,uniform,0.75,0.5,uncalibrated,0.5397972297586748,0.004191735977000423,5,0.6347020592771925,0.0024380217423926355,5,2.219772826037473,0.018589439904389257,5,0.6571882515451047,0.005792866142928934,5,0.2207271895028346,0.003460612175863723,5,0.22075371596499876,0.0034641187550627332,5,0.18558546420673963,0.003654619742840182,5
lidar_mmwave,uniform,0.75,0.75,clean_global_ts,0.15544766528630588,0.003217823521325868,5,0.23971940588379717,0.004112947832481265,5,4.17172147522464,0.015263819457352152,5,1.144873278076138,0.0033290813545153804,5,0.39924038518947835,0.00432862765970963,5,0.39924038518947835,0.004328627659709657,5,0.7554320941205693,0.005447873077700585,5
lidar_mmwave,uniform,0.75,0.75,pooled_global_ts,0.15544766528630588,0.003217823521325868,5,0.23971940588379717,0.004112947832481265,5,3.0254966657690856,0.006518869500128395,5,0.9554029560147489,0.0012363494690075761,5,0.12444592032171302,0.0032621969557209236,5,0.12403177776724732,0.0034512953434759287,5,0.7634068177463711,0.006038514480217105,5
lidar_mmwave,uniform,0.75,0.75,quality_aware_ts,0.15544766528630588,0.003217823521325868,5,0.23971940588379717,0.004112947832481265,5,2.9009839980612853,0.004601834433085856,5,0.9272398077682219,0.0009823788346117106,5,0.09001803218818341,0.0038250521478474845,5,0.08925837453058005,0.0037281602342865397,5,0.7130864036749646,0.003734581785817458,5
lidar_mmwave,uniform,0.75,0.75,severity_oracle_ts,0.15544766528630588,0.003217823521325868,5,0.23971940588379717,0.004112947832481265,5,2.919933383812686,0.004170480712925278,5,0.9294899843228903,0.0007444550476153991,5,0.02471405442484554,0.0030383554993688067,5,0.029289415579258637,0.0017278851471914892,5,0.767692144540472,0.006301826853690041,5
lidar_mmwave,uniform,0.75,0.75,uncalibrated,0.15544766528630588,0.003217823521325868,5,0.23971940588379717,0.004112947832481265,5,4.933857112625915,0.020089841657270027,5,1.2246444820811562,0.00406371546080157,5,0.4788055588518917,0.004462212768557452,5,0.4788055588518918,0.0044622127685575354,5,0.7539983398200965,0.005360312427385841,5
lidar_mmwave,uniform,0.75,0.9,clean_global_ts,0.035956018849064686,0.001464615896610948,5,0.06619390849653377,0.002776863548617404,5,5.644523957421642,0.028278468257242617,5,1.3354373820428715,0.002424008943026199,5,0.5191079717971389,0.001425611482640175,5,0.519107971797139,0.001425611482640208,5,0.966253575330979,0.0027792212263933742,5
lidar_mmwave,uniform,0.75,0.9,pooled_global_ts,0.035956018849064686,0.001464615896610948,5,0.06619390849653377,0.002776863548617404,5,3.723865708124672,0.012817283452052875,5,1.0628535351606658,0.001671836526345575,5,0.24285011230586728,0.0015624375480382667,5,0.24284281822004156,0.0015705750328729154,5,0.9717047285419458,0.002667646098424596,5
lidar_mmwave,uniform,0.75,0.9,quality_aware_ts,0.035956018849064686,0.001464615896610948,5,0.06619390849653377,0.002776863548617404,5,3.326888350199046,0.006967706570534786,5,0.9842776655596355,0.0008256804965535474,5,0.12385769014771583,0.0013479531434022391,5,0.12382459221355906,0.001338723416915433,5,0.9489742306111694,0.004050052473824189,5
lidar_mmwave,uniform,0.75,0.9,severity_oracle_ts,0.035956018849064686,0.001464615896610948,5,0.06619390849653377,0.002776863548617404,5,3.239036923225748,0.0028120157838573212,5,0.960149919043068,0.0003011145920927618,5,0.03448003056441385,0.0018851770014436805,5,0.035233181003608886,0.0027868759724688956,5,0.9739084795374815,0.002595081974090861,5
lidar_mmwave,uniform,0.75,0.9,uncalibrated,0.035956018849064686,0.001464615896610948,5,0.06619390849653377,0.002776863548617404,5,6.790758069667748,0.03557853987404738,5,1.4314252920268493,0.0022480173957057296,5,0.599119384124929,0.0013314443222449256,5,0.5991053860720433,0.0013025596347340247,5,0.9645667825408509,0.002808241463296852,5
lidar_mmwave,uniform,0.9,0.0,clean_global_ts,0.6211052406111667,0.0014996973700546767,5,0.6861076686872172,0.002413996853447304,5,1.4008607666004527,0.010628661534628396,5,0.5097948505987702,0.002994791867250453,5,0.10568206028074442,0.001738378656897519,5,0.10666348916418253,0.0016737163120503,5,0.13519975593293648,0.0015271326564888408,5
lidar_mmwave,uniform,0.9,0.0,pooled_global_ts,0.6211052406111667,0.0014996973700546767,5,0.6861076686872172,0.002413996853447304,5,1.4248200330203398,0.005141011362544247,5,0.5326472397501995,0.0012734830693805507,5,0.17412532023682775,0.0014212060488375442,5,0.1736964786018111,0.0016549184726741054,5,0.13365333746817307,0.0016435579685030964,5
lidar_mmwave,uniform,0.9,0.0,quality_aware_ts,0.6211052406111667,0.0014996973700546767,5,0.6861076686872172,0.002413996853447304,5,1.2875589387267277,0.010903948907947885,5,0.485765680427544,0.0028658274285594614,5,0.02910718532128635,0.0025298350536480927,5,0.02858261532215506,0.0021285780760453713,5,0.1344523999779466,0.0019238509802204226,5
lidar_mmwave,uniform,0.9,0.0,severity_oracle_ts,0.6211052406111667,0.0014996973700546767,5,0.6861076686872172,0.002413996853447304,5,1.3312415613264919,0.009206547926163235,5,0.4963861159411101,0.002677479090773026,5,0.06485534895416321,0.0018040423694530344,5,0.06455703939249985,0.0025957373719713984,5,0.13445172634712382,0.0015411770367822915,5
lidar_mmwave,uniform,0.9,0.0,uncalibrated,0.6211052406111667,0.0014996973700546767,5,0.6861076686872172,0.002413996853447304,5,1.5696001271953866,0.013264745393757382,5,0.5359973390221151,0.0033746291216032974,5,0.1617103603173569,0.0016313443153248368,5,0.16179692145744845,0.0015746590313050642,5,0.1364370504998835,0.0015068152121208804,5
lidar_mmwave,uniform,0.9,0.25,clean_global_ts,0.5723832643152934,0.0024161647703098855,5,0.6393542719291914,0.004030520130572817,5,1.6523246899813278,0.009371963707921626,5,0.5746539871396239,0.001966491970193068,5,0.13161796121073607,0.002660252828973325,5,0.13222768127678508,0.0030634989676881557,5,0.16804932296967642,0.0013534392352636006,5
lidar_mmwave,uniform,0.9,0.25,pooled_global_ts,0.5723832643152934,0.0024161647703098855,5,0.6393542719291914,0.004030520130572817,5,1.5904193555358126,0.004359671649057693,5,0.5790881777454332,0.0006215777354020829,5,0.15188441438912137,0.0020941331706116947,5,0.15253536348345878,0.0017990630295881432,5,0.1651525648585551,0.001518257680421639,5
lidar_mmwave,uniform,0.9,0.25,quality_aware_ts,0.5723832643152934,0.0024161647703098855,5,0.6393542719291914,0.004030520130572817,5,1.4550914371997554,0.007114891671664842,5,0.5343768074283325,0.0016364050620440076,5,0.03435457288718064,0.0027154057668305805,5,0.03564997266958833,0.002088973585567563,5,0.16216012191100004,0.0017483716270929276,5
lidar_mmwave,uniform,0.9,0.25,severity_oracle_ts,0.5723832643152934,0.0024161647703098855,5,0.6393542719291914,0.004030520130572817,5,1.536355776738058,0.006641010709582085,5,0.5527445775017534,0.0017269010449399436,5,0.07503864583499777,0.004710339650632487,5,0.07494724550527397,0.0049969742108402085,5,0.16670545334864462,0.0014034260250257227,5
lidar_mmwave,uniform,0.9,0.25,uncalibrated,0.5723832643152934,0.0024161647703098855,5,0.6393542719291914,0.004030520130572817,5,1.8681855555171754,0.011799603348689588,5,0.6068254948928564,0.002197309493163569,5,0.19103879804900256,0.002762838001318909,5,0.1910384825664677,0.002863413940201121,5,0.16968076137491853,0.0013337524146903646,5
lidar_mmwave,uniform,0.9,0.5,clean_global_ts,0.41767813794088243,0.003893645067666997,5,0.48537440317731423,0.005005760918580642,5,2.413620374276433,0.01633579009824701,5,0.7697109424465838,0.004634564507516872,5,0.21146721814767205,0.0035637117696106784,5,0.21167463872990783,0.0038009132937390985,5,0.31172528858538173,0.0036995241317374166,5
lidar_mmwave,uniform,0.9,0.5,pooled_global_ts,0.41767813794088243,0.003893645067666997,5,0.48537440317731423,0.005005760918580642,5,2.087987941132382,0.007444414754710381,5,0.7202005483870199,0.002109288658768312,5,0.09979046799122614,0.003136368089383765,5,0.10097370892629957,0.0044541865820357475,5,0.30668777849955753,0.0033932340793517875,5
lidar_mmwave,uniform,0.9,0.5,quality_aware_ts,0.41767813794088243,0.003893645067666997,5,0.48537440317731423,0.005005760918580642,5,1.9927617290477062,0.008153825606142355,5,0.6906100473294475,0.0027481875939733545,5,0.06524001915931388,0.006562050420746553,5,0.06627312792116154,0.006474214476406727,5,0.2951156381356783,0.0037031231169861803,5
lidar_mmwave,uniform,0.9,0.5,severity_oracle_ts,0.41767813794088243,0.003893645067666997,5,0.48537440317731423,0.005005760918580642,5,2.103487749964495,0.009181572299935126,5,0.713515339819518,0.0030866138171796267,5,0.0929463001165364,0.006965923408897554,5,0.09206972783917014,0.007630682148710764,5,0.3083642199480756,0.003546167924801518,5
lidar_mmwave,uniform,0.9,0.5,uncalibrated,0.41767813794088243,0.003893645067666997,5,0.48537440317731423,0.005005760918580642,5,2.769741517408643,0.020978689355243864,5,0.8188070633050085,0.0053054666249866935,5,0.2815094877310837,0.00368641463687336,5,0.2815298532742462,0.003720437660575546,5,0.3141060411480963,0.003792009708704663,5
lidar_mmwave,uniform,0.9,0.75,clean_global_ts,0.11852063401399401,0.0021514378371154277,5,0.1434640091607458,0.0033746252772069306,5,4.354358716633442,0.008356548751709218,5,1.1477608116750848,0.0015940300156230337,5,0.3874876855765207,0.0026757491630694037,5,0.3874876855765207,0.0026757491630693218,5,0.7733690139641995,0.00500333729077235,5
lidar_mmwave,uniform,0.9,0.75,pooled_global_ts,0.11852063401399401,0.0021514378371154277,5,0.1434640091607458,0.0033746252772069306,5,3.2111433742715816,0.0042125656355172635,5,0.965307946795064,0.0010160183398128394,5,0.12775735348612693,0.0016271883483910603,5,0.12502943904249877,0.0023018672519251795,5,0.769989788172588,0.005576966570800315,5
lidar_mmwave,uniform,0.9,0.75,quality_aware_ts,0.11852063401399401,0.0021514378371154277,5,0.1434640091607458,0.0033746252772069306,5,3.058242527867103,0.004590456561983729,5,0.9375282384087061,0.001239138429593673,5,0.07923979924100757,0.0013216184081194834,5,0.0788815847148685,0.0012021203339444753,5,0.74429113682798,0.006005239898418973,5
lidar_mmwave,uniform,0.9,0.75,severity_oracle_ts,0.11852063401399401,0.0021514378371154277,5,0.1434640091607458,0.0033746252772069306,5,3.0817940302804603,0.0041341690957040775,5,0.9440397601067669,0.0006724727637160944,5,0.06373294579865693,0.0022326562448051757,5,0.06493574730559462,0.0028510899127811703,5,0.77092154347937,0.005698075002870488,5
lidar_mmwave,uniform,0.9,0.75,uncalibrated,0.11852063401399401,0.0021514378371154277,5,0.1434640091607458,0.0033746252772069306,5,5.114718751082859,0.011207126705785107,5,1.233050473398038,0.001494597780661095,5,0.47102226774619627,0.002743777641449727,5,0.47102226774619627,0.0027437776414497134,5,0.7755392329361339,0.0047430410021969335,5
lidar_mmwave,uniform,0.9,0.9,clean_global_ts,0.056090247036984155,0.0013064073124641068,5,0.0659872186204288,0.0016286009885410108,5,5.300042425678173,0.016590460849668462,5,1.224336921052855,0.0015645253002042037,5,0.41887752351952257,0.0017917453270011733,5,0.4188775235195227,0.0017917453270011425,5,0.9033576760315227,0.0019742866640458817,5
lidar_mmwave,uniform,0.9,0.9,pooled_global_ts,0.056090247036984155,0.0013064073124641068,5,0.0659872186204288,0.0016286009885410108,5,3.712809033366631,0.008992742150322546,5,1.0204186666764703,0.0007713025854793993,5,0.16719582539402528,0.0007395199364089198,5,0.1671958253940253,0.0007395199364089226,5,0.9012392814101942,0.0023875536607444684,5
lidar_mmwave,uniform,0.9,0.9,quality_aware_ts,0.056090247036984155,0.0013064073124641068,5,0.0659872186204288,0.0016286009885410108,5,3.3460933164238638,0.0051582484590828185,5,0.970021560333232,0.0004709632622038711,5,0.07164287309025066,0.0007932937089066926,5,0.07099810599334586,0.0012296200012543658,5,0.8746187329449772,0.0023758521116134515,5
lidar_mmwave,uniform,0.9,0.9,severity_oracle_ts,0.056090247036984155,0.0013064073124641068,5,0.0659872186204288,0.0016286009885410108,5,3.282279366169442,0.003220547200682303,5,0.96292417901851,0.00028391757512877003,5,0.017502735477795885,0.0012925705382097114,5,0.03310209992601176,0.0015177303421142101,5,0.9047773549800698,0.0026113700467596617,5
lidar_mmwave,uniform,0.9,0.9,uncalibrated,0.056090247036984155,0.0013064073124641068,5,0.0659872186204288,0.0016286009885410108,5,6.2756609234445895,0.020433205596636434,5,1.315198372571912,0.002144037464066802,5,0.5045022346593202,0.002033423357260781,5,0.5045022346593203,0.0020334233572607053,5,0.9049168911541603,0.0018726066971700356,5
lidar_only,azimuth_sector,0.25,0.0,clean_global_ts,0.5584463801228046,0.004919107854433432,5,0.6215204646322201,0.004701532767564613,5,1.7724752821353433,0.010163538145754675,5,0.5982418115908009,0.006811346280431113,5,0.1446022524665434,0.006215886203238275,5,0.1446022524665434,0.006215886203238256,5,0.20153492287594318,0.005100926206812297,5
lidar_only,azimuth_sector,0.25,0.0,pooled_global_ts,0.5584463801228046,0.004919107854433432,5,0.6215204646322201,0.004701532767564613,5,1.6534504345117693,0.004368052550752511,5,0.60122083367944,0.0029427477594563523,5,0.15900791203054912,0.006453571406061282,5,0.15870697515342713,0.006763933235718035,5,0.20039967626964383,0.005580586083315329,5
lidar_only,azimuth_sector,0.25,0.0,quality_aware_ts,0.5584463801228046,0.004919107854433432,5,0.6215204646322201,0.004701532767564613,5,1.7524642569499833,0.004578908001512482,5,0.6378426634122183,0.00259715127704222,5,0.22276894776751202,0.005170200636760652,5,0.2247710978663348,0.005776828072273904,5,0.20496063195108158,0.00607458005841789,5
lidar_only,azimuth_sector,0.25,0.0,severity_oracle_ts,0.5584463801228046,0.004919107854433432,5,0.6215204646322201,0.004701532767564613,5,1.5868900273749054,0.005597957985897774,5,0.5698034740792939,0.004465451222405676,5,0.054864945438117194,0.0031736902984544017,5,0.05618773416223345,0.0027657683938200786,5,0.19956154564764406,0.005284847262705408,5
lidar_only,azimuth_sector,0.25,0.0,uncalibrated,0.5584463801228046,0.004919107854433432,5,0.6215204646322201,0.004701532767564613,5,1.9965396182966721,0.013512032834161258,5,0.6280093001330543,0.007883297458750644,5,0.20147092589668675,0.006067604940385837,5,0.20147092589668675,0.006067604940385812,5,0.2033694170435377,0.0050751178561662955,5
lidar_only,azimuth_sector,0.5,0.0,clean_global_ts,0.20077109810081395,0.0038594550197742624,5,0.2550869136246592,0.004500072702834316,5,4.7051274364070075,0.02481906321004056,5,1.1839088140664684,0.004106756249541705,5,0.4619071776361583,0.0020905371766888827,5,0.4619071776361584,0.0020905371766888666,5,0.668919484886078,0.004453724471745431,5
lidar_only,azimuth_sector,0.5,0.0,pooled_global_ts,0.20077109810081395,0.0038594550197742624,5,0.2550869136246592,0.004500072702834316,5,3.1196925031913616,0.014550520151792617,5,0.9497479283673804,0.0024690483373241098,5,0.15690339442307186,0.0027087170013214124,5,0.15647812482880954,0.002571338359686543,5,0.67181928099904,0.0047518068764249655,5
lidar_only,azimuth_sector,0.5,0.0,quality_aware_ts,0.20077109810081395,0.0038594550197742624,5,0.2550869136246592,0.004500072702834316,5,2.935576218717061,0.011684758374260931,5,0.9117137919245903,0.001945544566643981,5,0.05828216291582868,0.0016653658879996717,5,0.05997136895722828,0.002300373967652186,5,0.6577394335624174,0.005439236656087268,5
lidar_only,azimuth_sector,0.5,0.0,severity_oracle_ts,0.20077109810081395,0.0038594550197742624,5,0.2550869136246592,0.004500072702834316,5,2.9182336861224547,0.010006305940184793,5,0.9139669484935616,0.0015219014223400234,5,0.04394630727274771,0.003816801357437345,5,0.0459195744037045,0.002552108056131954,5,0.6720137704197628,0.0049316853904985795,5
lidar_only,azimuth_sector,0.5,0.0,uncalibrated,0.20077109810081395,0.0038594550197742624,5,0.2550869136246592,0.004500072702834316,5,5.603012057878532,0.029570818478517454,5,1.2546990296732148,0.00474372451783728,5,0.5275578583817421,0.002232032993346536,5,0.5275578583817421,0.0022320329933465644,5,0.6683823345375541,0.004445421143613892,5
lidar_only,azimuth_sector,0.75,0.0,clean_global_ts,0.06014565186348708,0.004300979716582425,5,0.07717587627293394,0.005657952497844387,5,6.685622908739887,0.030919238229111756,5,1.3722681996560706,0.0036415554875596735,5,0.5418029425396474,0.004195938711389724,5,0.5417528432721026,0.004129783110032405,5,0.9432835289217059,0.004332495114904912,5
lidar_only,azimuth_sector,0.75,0.0,pooled_global_ts,0.06014565186348708,0.004300979716582425,5,0.07717587627293394,0.005657952497844387,5,4.200463769187888,0.015676624662774592,5,1.0736264833360971,0.002271170889976293,5,0.2363254343118443,0.004472058785184386,5,0.2363254343118443,0.004472058785184398,5,0.9376686573172799,0.005371597171059969,5
lidar_only,azimuth_sector,0.75,0.0,quality_aware_ts,0.06014565186348708,0.004300979716582425,5,0.07717587627293394,0.005657952497844387,5,3.6375377999440124,0.01020428630942271,5,0.9942966586718255,0.001220953407718573,5,0.10167297781553133,0.004350712360594993,5,0.10425325877543623,0.0028052487323506595,5,0.9346627391885578,0.006024076796673539,5
lidar_only,azimuth_sector,0.75,0.0,severity_oracle_ts,0.06014565186348708,0.004300979716582425,5,0.07717587627293394,0.005657952497844387,5,3.3203350687361586,0.002322416919247314,5,0.964393501049317,0.00018590498084890736,5,0.007191871913274657,0.004311593361579236,5,0.0283228378642868,0.004486153522275468,5,0.9233885640001847,0.007252096844189659,5
lidar_only,azimuth_sector,0.75,0.0,uncalibrated,0.06014565186348708,0.004300979716582425,5,0.07717587627293394,0.005657952497844387,5,8.003149979399932,0.03758969438963655,5,1.4625478373722751,0.004032977600832991,5,0.6179942034986058,0.004050806864933217,5,0.6179942034986058,0.0040508068649331925,5,0.943827464054426,0.004175554624280194,5
lidar_only,azimuth_sector,0.9,0.0,clean_global_ts,0.05791803512780237,0.0042004829431071325,5,0.047594377598018385,0.0041014669247067745,5,6.730194580984593,0.026504694763723417,5,1.467338531990409,0.006316412586133601,5,0.6380251019788907,0.003964464817671646,5,0.6380251019788907,0.00396446481767159,5,0.9124208125109607,0.008011856908499393,5
lidar_only,azimuth_sector,0.9,0.0,pooled_global_ts,0.05791803512780237,0.0042004829431071325,5,0.047594377598018385,0.0041014669247067745,5,4.063074306049926,0.012475986666720593,5,1.1066633419506589,0.0038356822588372437,5,0.31244948266384315,0.004063175669422376,5,0.31244948266384315,0.00406317566942235,5,0.9159635312036706,0.007590419273883598,5
lidar_only,azimuth_sector,0.9,0.0,quality_aware_ts,0.05791803512780237,0.0042004829431071325,5,0.047594377598018385,0.0041014669247067745,5,3.435705609556969,0.006770001897871219,5,0.9817375830488337,0.0014454427532044078,5,0.10413316461843151,0.004028433760491877,5,0.1040183710082124,0.004039481180642079,5,0.9148636071591147,0.007277006903362992,5
lidar_only,azimuth_sector,0.9,0.0,severity_oracle_ts,0.05791803512780237,0.0042004829431071325,5,0.047594377598018385,0.0041014669247067745,5,3.2837275855915764,0.0018712999843742103,5,0.9619935886405327,0.00018538117785898232,5,0.004157153802662451,0.0021282439685301785,5,0.01584557160028382,0.0021786923820482315,5,0.9251173022435616,0.006795347170483115,5
lidar_only,azimuth_sector,0.9,0.0,uncalibrated,0.05791803512780237,0.0042004829431071325,5,0.047594377598018385,0.0041014669247067745,5,8.13239270015669,0.033018798429506786,5,1.5480212130710729,0.006449100983498462,5,0.6996091262198609,0.0038495325138713757,5,0.6995038916143435,0.0038162415179265564,5,0.9113689591307474,0.008116864705697339,5
lidar_only,clean,0.0,0.0,clean_global_ts,0.6218763387119806,,1,0.7005091843673046,,1,1.248090116483847,,1,0.48473831899598135,,1,0.045437848368559255,,1,0.04676813718233498,,1,0.13687263107504324,,1
lidar_only,clean,0.0,0.0,pooled_global_ts,0.6218763387119806,,1,0.7005091843673046,,1,1.4564870363251692,,1,0.5488449463244234,,1,0.22186551380850741,,1,0.22156262443347335,,1,0.13963771425608087,,1
lidar_only,clean,0.0,0.0,quality_aware_ts,0.6218763387119806,,1,0.7005091843673046,,1,1.496179595673185,,1,0.5548582874458549,,1,0.23377753062505044,,1,0.23326125666018235,,1,0.13907580637664874,,1
lidar_only,clean,0.0,0.0,severity_oracle_ts,0.6218763387119806,,1,0.7005091843673046,,1,1.248090116483847,,1,0.48473831899598135,,1,0.045437848368559255,,1,0.04676813718233498,,1,0.13687263107504324,,1
lidar_only,clean,0.0,0.0,uncalibrated,0.6218763387119806,,1,0.7005091843673046,,1,1.314630420555179,,1,0.4987634856294889,,1,0.09949302048321458,,1,0.09977279805121624,,1,0.13742619217591148,,1
lidar_only,uniform,0.25,0.0,clean_global_ts,0.48519206054548053,0.003720101575601415,5,0.5630470531368841,0.004436733754526303,5,2.1042471969103156,0.014321501986686674,5,0.6987340685271579,0.00457192610446164,5,0.20127730239193747,0.004172589413142077,5,0.20118267510927867,0.00426319211173654,5,0.2612080442972645,0.003583365963506148,5
lidar_only,uniform,0.25,0.0,pooled_global_ts,0.48519206054548053,0.003720101575601415,5,0.5630470531368841,0.004436733754526303,5,1.8240675409962406,0.005144816899415273,5,0.6521999519114873,0.0022245518996032985,5,0.0938625671743915,0.00358093368192214,5,0.09537736506922971,0.0023698799113114366,5,0.261914769166387,0.003543838210147612,5
lidar_only,uniform,0.25,0.0,quality_aware_ts,0.48519206054548053,0.003720101575601415,5,0.5630470531368841,0.004436733754526303,5,1.843698628042763,0.004674234584845542,5,0.658016372438817,0.002092831725442626,5,0.11650100807526176,0.0029821426313317444,5,0.11713403061744668,0.002923816897797683,5,0.2616121160735573,0.0035259274039357827,5
lidar_only,uniform,0.25,0.0,severity_oracle_ts,0.48519206054548053,0.003720101575601415,5,0.5630470531368841,0.004436733754526303,5,1.8046475499380583,0.007640596531261299,5,0.643093781824459,0.003137659136005064,5,0.04697755560873066,0.0027223750823029123,5,0.04726945778751996,0.0029045259145170322,5,0.2606323377361902,0.003487246845475633,5
lidar_only,uniform,0.25,0.0,uncalibrated,0.48519206054548053,0.003720101575601415,5,0.5630470531368841,0.004436733754526303,5,2.3987375902264683,0.01861622741866638,5,0.7370016099074443,0.005179676197002172,5,0.2569779243376269,0.004540258154122753,5,0.2569351769443284,0.004572378657194992,5,0.2624072666788329,0.003662380055308256,5
lidar_only,uniform,0.5,0.0,clean_global_ts,0.3049835784663716,0.0032364630751756753,5,0.3641303877877232,0.00361490381413745,5,3.3826592884087026,0.019181669655745172,5,0.9435386576914508,0.0040035722945803,5,0.3088002097015303,0.0029606327073906915,5,0.3088002097015303,0.002960632707390697,5,0.45566247861957543,0.004482908093637953,5
lidar_only,uniform,0.5,0.0,pooled_global_ts,0.3049835784663716,0.0032364630751756753,5,0.3641303877877232,0.00361490381413745,5,2.5256165384365086,0.009681982432832482,5,0.8222991036236875,0.0023472190506183105,5,0.08163494777324669,0.004939128448304578,5,0.08160664702566985,0.0046102216430123156,5,0.45456915440387713,0.004258536908107755,5
lidar_only,uniform,0.5,0.0,quality_aware_ts,0.3049835784663716,0.0032364630751756753,5,0.3641303877877232,0.00361490381413745,5,2.4826748729567947,0.0078127158092777,5,0.8184001765276724,0.002027170789693843,5,0.06509602106231814,0.0021353781115462656,5,0.06693328904778044,0.00356217337707521,5,0.4549212532917147,0.004191665500934047,5
lidar_only,uniform,0.5,0.0,severity_oracle_ts,0.3049835784663716,0.0032364630751756753,5,0.3641303877877232,0.00361490381413745,5,2.507973267937438,0.009063021127601953,5,0.8233570789013864,0.0020819155318118655,5,0.08323047553281583,0.0046021777773147836,5,0.08392790213299102,0.003413908320496122,5,0.45497491407318735,0.0042167500128579595,5
lidar_only,uniform,0.5,0.0,uncalibrated,0.3049835784663716,0.0032364630751756753,5,0.3641303877877232,0.00361490381413745,5,3.939540709791692,0.0237284923301097,5,0.9995196255877733,0.0042571957622527315,5,0.37304530908462424,0.0028996256091456457,5,0.37298469160123726,0.0029669412479747708,5,0.45738852199133834,0.004489014843183402,5
lidar_only,uniform,0.75,0.0,clean_global_ts,0.12017706697129801,0.0033845952536766793,5,0.12129254123936542,0.004312391323306893,5,5.441350363233342,0.023822630753176557,5,1.1979953754652368,0.003938503979338882,5,0.43088946893176044,0.005159193364942855,5,0.43088946893176044,0.005159193364942876,5,0.7185595123583368,0.0014761971297859143,5
lidar_only,uniform,0.75,0.0,pooled_global_ts,0.12017706697129801,0.0033845952536766793,5,0.12129254123936542,0.004312391323306893,5,3.540622646567942,0.01127611919919053,5,0.9981445485046828,0.0012685896029984577,5,0.19143018735355863,0.004385568858903349,5,0.18750729311793263,0.004673718394942932,5,0.7222227351283693,0.0014250855179834354,5
lidar_only,uniform,0.75,0.0,quality_aware_ts,0.12017706697129801,0.0033845952536766793,5,0.12129254123936542,0.004312391323306893,5,3.239441135978261,0.0077690126843470465,5,0.9555402457805935,0.0007368099491057049,5,0.12115424153913654,0.004316341884239654,5,0.12060782073467913,0.0038471459327920014,5,0.720804471671812,0.0015130196058031973,5
lidar_only,uniform,0.75,0.0,severity_oracle_ts,0.12017706697129801,0.0033845952536766793,5,0.12129254123936542,0.004312391323306893,5,3.132651399802634,0.004392848961429711,5,0.9480019332879868,0.00044357238071257875,5,0.06907401036986671,0.00519008864096915,5,0.06982471416515011,0.004769004850011847,5,0.7280180716383875,0.0015630878061195842,5
lidar_only,uniform,0.75,0.0,uncalibrated,0.12017706697129801,0.0033845952536766793,5,0.12129254123936542,0.004312391323306893,5,6.459162636039331,0.02960463004310841,5,1.2675141216452686,0.0049480470143529,5,0.49801891590819,0.0053890032978896295,5,0.4980053327266563,0.005409460474034845,5,0.7184039848242362,0.001519964733801933,5
lidar_only,uniform,0.9,0.0,clean_global_ts,0.07708125089247465,0.0023407212986028183,5,0.04624710290261965,0.0015262589122895687,5,6.118586671940126,0.009920951989454361,5,1.299047513488636,0.0019794072833262764,5,0.4990694422567071,0.002537313632248088,5,0.4990694422567071,0.0025373136322480367,5,0.8292640207586836,0.0016398325063223414,5
lidar_only,uniform,0.9,0.0,pooled_global_ts,0.07708125089247465,0.0023407212986028183,5,0.04624710290261965,0.0015262589122895687,5,3.909198250134503,0.004795733582516463,5,1.044124625851442,0.0006033134157075229,5,0.21259557737738505,0.002211981244548454,5,0.2123132873588721,0.002230494719559531,5,0.8228210944854684,0.0025115884214790664,5
lidar_only,uniform,0.9,0.0,quality_aware_ts,0.07708125089247465,0.0023407212986028183,5,0.04624710290261965,0.0015262589122895687,5,3.476462333244992,0.0033835974611943773,5,0.9832417247767834,0.0003032418759758212,5,0.10677449048939833,0.005258479693345561,5,0.10573860275782321,0.005118515082571299,5,0.8213457656052501,0.002498231209259974,5
lidar_only,uniform,0.9,0.0,severity_oracle_ts,0.07708125089247465,0.0023407212986028183,5,0.04624710290261965,0.0015262589122895687,5,3.287012280538596,0.0016468661763139273,5,0.9626207317412732,0.00012053330544080694,5,0.019868291481739405,0.0026052843557290584,5,0.053285787596659105,0.0039686828006979665,5,0.827947984019018,0.0031613039127779924,5
lidar_only,uniform,0.9,0.0,uncalibrated,0.07708125089247465,0.0023407212986028183,5,0.04624710290261965,0.0015262589122895687,5,7.301893411023967,0.012508083975625193,5,1.3807971381378632,0.0025834936628241455,5,0.5712790698178406,0.0026361869055488998,5,0.5712790698178407,0.002636186905548906,5,0.832210886394798,0.0014257758230365734,5
mmwave_only,azimuth_sector,0.0,0.25,clean_global_ts,0.698700556904184,0.0011600797379174564,5,0.7732736163079115,0.000879271920017899,5,1.0559158482255215,0.005415991883129548,5,0.4163100243063809,0.0020304342827304556,5,0.08032455498129691,0.0020875026881966106,5,0.08056255082284527,0.002156505180331186,5,0.09693609102662504,0.0009180328507731951,5
mmwave_only,azimuth_sector,0.0,0.25,pooled_global_ts,0.698700556904184,0.0011600797379174564,5,0.7732736163079115,0.000879271920017899,5,1.1473647117469228,0.0026708346719177935,5,0.43369076325696393,0.0009492479834923077,5,0.1563034804494228,0.001521625294020592,5,0.15618697512087765,0.001778242177519451,5,0.0952221639355037,0.0009119569855884572,5
mmwave_only,azimuth_sector,0.0,0.25,quality_aware_ts,0.698700556904184,0.0011600797379174564,5,0.7732736163079115,0.000879271920017899,5,1.0379721553889318,0.0017235109351519237,5,0.405209769921584,0.0014022559064470063,5,0.032087221248421796,0.0024428847241492165,5,0.032620709635654284,0.002744966502289846,5,0.0962613237692389,0.0012102045869097121,5
mmwave_only,azimuth_sector,0.0,0.25,severity_oracle_ts,0.698700556904184,0.0011600797379174564,5,0.7732736163079115,0.000879271920017899,5,1.0272263145865437,0.004475655756940493,5,0.4072326359903431,0.0015688421304536437,5,0.04043392669023886,0.0029060887569410565,5,0.041278733583990306,0.0025179266560662853,5,0.09628665462787483,0.0009047593969305631,5
mmwave_only,azimuth_sector,0.0,0.25,uncalibrated,0.698700556904184,0.0011600797379174564,5,0.7732736163079115,0.000879271920017899,5,1.2633818538322636,0.00884621677498495,5,0.45203445331851533,0.00272003114964962,5,0.1569392094008222,0.0019336587875573407,5,0.15693141086649043,0.0019446768877319207,5,0.09892232487134678,0.0009127777507110245,5
mmwave_only,azimuth_sector,0.0,0.5,clean_global_ts,0.4159360274168214,0.002240577125964243,5,0.5302363241717434,0.0023355269828111433,5,2.451941818801996,0.01937383944644048,5,0.8276344365307656,0.003906535854861259,5,0.2621434877487311,0.0017483239024709495,5,0.2621434877487311,0.0017483239024709816,5,0.3985364861770492,0.0037335450939225473,5
mmwave_only,azimuth_sector,0.0,0.5,pooled_global_ts,0.4159360274168214,0.002240577125964243,5,0.5302363241717434,0.0023355269828111433,5,2.0928280593449404,0.012170197407847359,5,0.7399769766737178,0.0032582221105732644,5,0.016678182975958664,0.002895070701423132,5,0.017513286433772052,0.004650982236281457,5,0.393223934004794,0.0039190591597567164,5
mmwave_only,azimuth_sector,0.0,0.5,quality_aware_ts,0.4159360274168214,0.002240577125964243,5,0.5302363241717434,0.0023355269828111433,5,2.0608453768973587,0.011858733900013924,5,0.7323679910581042,0.0030046480733025766,5,0.043720236107923326,0.003378283753923364,5,0.045429756788749644,0.0034054531613405222,5,0.369500219166016,0.003160328433874793,5
mmwave_only,azimuth_sector,0.0,0.5,severity_oracle_ts,0.4159360274168214,0.002240577125964243,5,0.5302363241717434,0.0023355269828111433,5,2.09281276429275,0.013042922066398385,5,0.7420434232248289,0.003493764408455867,5,0.03899394818829691,0.001948578310763858,5,0.04016183018962934,0.002221613532166434,5,0.39365854856531823,0.0038862151589512516,5
mmwave_only,azimuth_sector,0.0,0.5,uncalibrated,0.4159360274168214,0.002240577125964243,5,0.5302363241717434,0.0023355269828111433,5,3.154780709305811,0.02675615892561255,5,0.9108839588114014,0.004025893013959178,5,0.3681094169449864,0.0017516362782876037,5,0.36810941694498645,0.0017516362782875727,5,0.4030957132153195,0.003657815986486768,5
mmwave_only,azimuth_sector,0.0,0.75,clean_global_ts,0.09504498072254748,0.0027366946162306186,5,0.13416890139221413,0.003510750278220825,5,4.982444093146538,0.02729145609966585,5,1.3344225517958415,0.00567066237599188,5,0.5400824826564273,0.004052612454287576,5,0.5400824826564274,0.004052612454287596,5,0.8988935349219878,0.004524524727334713,5
mmwave_only,azimuth_sector,0.0,0.75,pooled_global_ts,0.09504498072254748,0.0027366946162306186,5,0.13416890139221413,0.003510750278220825,5,3.5695090650646115,0.015134179715196676,5,1.071751403080712,0.0031712716638485137,5,0.2704862476129275,0.003714341412878395,5,0.2704862476129275,0.0037143414128783746,5,0.903812575334418,0.004557296422790724,5
mmwave_only,azimuth_sector,0.0,0.75,quality_aware_ts,0.09504498072254748,0.0027366946162306186,5,0.13416890139221413,0.003510750278220825,5,3.326457244718825,0.011524803612851759,5,1.005510967721526,0.0019923675761901027,5,0.16227199841909384,0.003270420405123957,5,0.16252032160700425,0.002816383925498775,5,0.8986973793275131,0.004509509939190161,5
mmwave_only,azimuth_sector,0.0,0.75,severity_oracle_ts,0.09504498072254748,0.0027366946162306186,5,0.13416890139221413,0.003510750278220825,5,3.186409476556954,0.005597027434686864,5,0.9548322622389062,0.0006266514731486698,5,0.01294926381504179,0.0009712776774035758,5,0.02496954025765615,0.0028513181900528834,5,0.9085542174136426,0.004521340685070119,5
mmwave_only,azimuth_sector,0.0,0.75,uncalibrated,0.09504498072254748,0.0027366946162306186,5,0.13416890139221413,0.003510750278220825,5,6.744267380554438,0.0395604833246371,5,1.4787803085419486,0.006169401531548612,5,0.6599415495271681,0.003707156127646995,5,0.6599362690624044,0.00370222834698371,5,0.8965827612277273,0.004569926743034342,5
mmwave_only,azimuth_sector,0.0,0.9,clean_global_ts,0.03518492074825075,0.0012875412341967567,5,0.055912360110828216,0.0017427074674046619,5,5.900324677967628,0.018177874531735975,5,1.4015792726116436,0.0034291159336877182,5,0.5726005881169727,0.0027222066604879747,5,0.5726005881169728,0.002722206660487988,5,0.9679178355611529,0.001864938975257197,5
mmwave_only,azimuth_sector,0.0,0.9,pooled_global_ts,0.03518492074825075,0.0012875412341967567,5,0.055912360110828216,0.0017427074674046619,5,4.119660239745296,0.008977128522236926,5,1.1184482029701541,0.001837068425609383,5,0.30437071473224026,0.002134306299048543,5,0.30437071473224026,0.00213430629904857,5,0.970902367168925,0.0017589230609020858,5
mmwave_only,azimuth_sector,0.0,0.9,quality_aware_ts,0.03518492074825075,0.0012875412341967567,5,0.055912360110828216,0.0017427074674046619,5,3.5465395894901355,0.004235949376788893,5,0.9978512136938061,0.00064606259479079,5,0.12407083930191336,0.0016096986491829777,5,0.12407083930191336,0.0016096986491829794,5,0.9723936625218561,0.0016298702229288716,5
mmwave_only,azimuth_sector,0.0,0.9,severity_oracle_ts,0.03518492074825075,0.0012875412341967567,5,0.055912360110828216,0.0017427074674046619,5,3.316010320379062,0.0009760396828575475,5,0.9646051885690448,8.078438946838093e-05,5,0.01834991432855803,0.001310505127695328,5,0.020585849416257365,0.0010045998953128513,5,0.9736774227168972,0.0016245580145996807,5
mmwave_only,azimuth_sector,0.0,0.9,uncalibrated,0.03518492074825075,0.0012875412341967567,5,0.055912360110828216,0.0017427074674046619,5,8.028535336334135,0.02682406554610013,5,1.563696980904355,0.0043456606711492814,5,0.7006901705477132,0.0028990643637026156,5,0.7006901705477132,0.002899064363702574,5,0.966128279711253,0.0019685301077700754,5
mmwave_only,clean,0.0,0.0,clean_global_ts,0.8316435813222904,,1,0.8735755102947381,,1,0.5462510944450781,,1,0.23021125481878657,,1,0.034497839875087616,,1,0.036155054521793926,,1,0.0294944301948879,,1
mmwave_only,clean,0.0,0.0,pooled_global_ts,0.8316435813222904,,1,0.8735755102947381,,1,0.697826991066627,,1,0.2632264502128946,,1,0.16609217434904017,,1,0.16559562436004163,,1,0.029248716118022322,,1
mmwave_only,clean,0.0,0.0,quality_aware_ts,0.8316435813222904,,1,0.8735755102947381,,1,0.5608620913893415,,1,0.2301985354761354,,1,0.015295970827825432,,1,0.015534939958354338,,1,0.03231496492901299,,1
mmwave_only,clean,0.0,0.0,severity_oracle_ts,0.8316435813222904,,1,0.8735755102947381,,1,0.5462510944450781,,1,0.23021125481878657,,1,0.034497839875087616,,1,0.036155054521793926,,1,0.0294944301948879,,1
mmwave_only,clean,0.0,0.0,uncalibrated,0.8316435813222904,,1,0.8735755102947381,,1,0.6339626374284045,,1,0.2477803794080289,,1,0.08332391193070089,,1,0.08335001127533759,,1,0.030125945587167108,,1
mmwave_only,uniform,0.0,0.25,clean_global_ts,0.7927745252034842,0.0015881836599627784,5,0.8466106710856959,0.001729263587360289,5,0.7129093023325865,0.0063685754164537174,5,0.2893422804025264,0.002240087238180291,5,0.04821997576167826,0.0021918540923356617,5,0.049598273045682095,0.0019493234180450155,5,0.04548557765589066,0.0007957482116946717,5
mmwave_only,uniform,0.0,0.25,pooled_global_ts,0.7927745252034842,0.0015881836599627784,5,0.8466106710856959,0.001729263587360289,5,0.8436398336346203,0.003422599989371727,5,0.3171798723016831,0.001349173240993494,5,0.16601713050424344,0.0016708285123162405,5,0.16568609955314378,0.0017355535242442742,5,0.0446679663974753,0.0007343904480272901,5
mmwave_only,uniform,0.0,0.25,quality_aware_ts,0.7927745252034842,0.0015881836599627784,5,0.8466106710856959,0.001729263587360289,5,0.730201136322006,0.003774954943273332,5,0.2884993649447124,0.0019172501683130203,5,0.051450718371457635,0.0018254805178224913,5,0.05178704948799866,0.0018601912618486875,5,0.046268199508431654,0.0007496802962265318,5
mmwave_only,uniform,0.0,0.25,severity_oracle_ts,0.7927745252034842,0.0015881836599627784,5,0.8466106710856959,0.001729263587360289,5,0.7054404520594258,0.005830094225612294,5,0.28688540279809693,0.0021314245948838013,5,0.03622227429799535,0.0022828431473249987,5,0.03914611145684121,0.0023200556583036747,5,0.04534514682676709,0.0007809974416590845,5
mmwave_only,uniform,0.0,0.25,uncalibrated,0.7927745252034842,0.0015881836599627784,5,0.8466106710856959,0.001729263587360289,5,0.8429004179993512,0.009650134666345402,5,0.31279036025535645,0.002923288162626798,5,0.10619516636925734,0.002182257883520211,5,0.10618624050474915,0.002138294758236202,5,0.04656395089270769,0.0008171900341601972,5
mmwave_only,uniform,0.0,0.5,clean_global_ts,0.6371555047836642,0.005591878980208836,5,0.7271792579946907,0.004966991240419283,5,1.3725928499922755,0.012877714370619802,5,0.5085998790155717,0.006225798309533391,5,0.11942042792120182,0.0055970599535141935,5,0.11949846710781864,0.005721462950742307,5,0.14527219727609536,0.002424835100451862,5
mmwave_only,uniform,0.0,0.5,pooled_global_ts,0.6371555047836642,0.005591878980208836,5,0.7271792579946907,0.004966991240419283,5,1.3687631966415101,0.007858868201821042,5,0.505178557440809,0.0031319354224316896,5,0.12799987026499496,0.005313015630589483,5,0.12775324673572433,0.005431815815127612,5,0.14200093898635122,0.002818882546663965,5
mmwave_only,uniform,0.0,0.5,quality_aware_ts,0.6371555047836642,0.005591878980208836,5,0.7271792579946907,0.004966991240419283,5,1.3162376297954423,0.008608353917308112,5,0.4872817057803146,0.004118256252601365,5,0.08974158487433433,0.005432040766484187,5,0.08976708370276237,0.005465427302868464,5,0.13455963717187208,0.004100567679372308,5
mmwave_only,uniform,0.0,0.5,severity_oracle_ts,0.6371555047836642,0.005591878980208836,5,0.7271792579946907,0.004966991240419283,5,1.2956727218815467,0.009968407950448292,5,0.4889580318598866,0.004935679882253227,5,0.045147917306132206,0.006658823889342181,5,0.04617093039575252,0.0071341170287633725,5,0.14370441067472603,0.0025797218588624084,5
mmwave_only,uniform,0.0,0.5,uncalibrated,0.6371555047836642,0.005591878980208836,5,0.7271792579946907,0.004966991240419283,5,1.6924217058381423,0.01748693225167484,5,0.5545595647389984,0.007527210017478861,5,0.20419802875541623,0.005741501074515913,5,0.20406353395195595,0.005650834070044451,5,0.14805031136419294,0.0021698305368919577,5
mmwave_only,uniform,0.0,0.75,clean_global_ts,0.19697272597458232,0.003219407329819333,5,0.2776090870094287,0.004636605410466852,5,3.629505940540109,0.023489836745412104,5,1.1244837792086926,0.006026388835605129,5,0.402315705504917,0.0054607939821303755,5,0.402315705504917,0.00546079398213039,5,0.7390899858085511,0.005777719708669276,5
mmwave_only,uniform,0.0,0.75,pooled_global_ts,0.19697272597458232,0.003219407329819333,5,0.2776090870094287,0.004636605410466852,5,2.8745622030241167,0.009920788481062023,5,0.942710246743595,0.0027023065629106996,5,0.1382146904028574,0.004465470498385648,5,0.1381589230835197,0.004515792270356567,5,0.7415742831327619,0.005690221537731388,5
mmwave_only,uniform,0.0,0.75,quality_aware_ts,0.19697272597458232,0.003219407329819333,5,0.2776090870094287,0.004636605410466852,5,2.800524014272426,0.0067455216851843285,5,0.9141100700465371,0.0018747823992010025,5,0.05423468803071805,0.004388536096665477,5,0.0580501504952043,0.0037498162845230848,5,0.7232423538945232,0.00534054161604962,5
mmwave_only,uniform,0.0,0.75,severity_oracle_ts,0.19697272597458232,0.003219407329819333,5,0.2776090870094287,0.004636605410466852,5,2.816728615969547,0.006665973304067945,5,0.913892229516312,0.0016008331197531521,5,0.03707465129118062,0.0030311132740840243,5,0.0413104809825514,0.0041600079148270954,5,0.7427547966956313,0.005565055437604396,5
mmwave_only,uniform,0.0,0.75,uncalibrated,0.19697272597458232,0.003219407329819333,5,0.2776090870094287,0.004636605410466852,5,4.746806796105098,0.037734024781208575,5,1.2541787560917605,0.006553581486611795,5,0.5293854974642432,0.0049559548552615944,5,0.5293854974642433,0.004955954855261683,5,0.7385055979545527,0.005833283133950817,5
mmwave_only,uniform,0.0,0.9,clean_global_ts,0.053491360845352,0.0038057195479233134,5,0.08307641485777632,0.006475273437168299,5,5.210163556577035,0.022458849499085685,5,1.3275717660953832,0.004365464737728558,5,0.5092616561302523,0.0033476876457547455,5,0.5092616561302524,0.003347687645754727,5,0.9503225314802204,0.0047330336040284976,5
mmwave_only,uniform,0.0,0.9,pooled_global_ts,0.053491360845352,0.0038057195479233134,5,0.08307641485777632,0.006475273437168299,5,3.8005007651675413,0.012794860438602677,5,1.0772787720249666,0.0023015249371876726,5,0.2539483186874577,0.0033245297106547153,5,0.2539483186874577,0.003324529710654695,5,0.9522548352043255,0.00450267836885211,5
mmwave_only,uniform,0.0,0.9,quality_aware_ts,0.053491360845352,0.0038057195479233134,5,0.08307641485777632,0.006475273437168299,5,3.3966007644086225,0.007359391391183709,5,0.9837216015740473,0.0009389668875570533,5,0.09793767062936376,0.0034510062391837314,5,0.09792531950457753,0.0034621441907422834,5,0.9489868247926259,0.005083851517246577,5
mmwave_only,uniform,0.0,0.9,severity_oracle_ts,0.053491360845352,0.0038057195479233134,5,0.08307641485777632,0.006475273437168299,5,3.284224393483348,0.0021118336727675682,5,0.9622049447614615,0.0001944400583313903,5,0.0070773251492454265,0.0008601608458066545,5,0.013898607809874364,0.0016652753781891496,5,0.9539986621452838,0.004375273828427935,5
mmwave_only,uniform,0.0,0.9,uncalibrated,0.053491360845352,0.0038057195479233134,5,0.08307641485777632,0.006475273437168299,5,6.968287464575075,0.03212741932746496,5,1.4844158481131042,0.005608257512674435,5,0.6413954193765586,0.00378646161498683,5,0.6413954193765588,0.003786461614986872,5,0.949159646505261,0.004870914545435242,5
